,Name,bhandhlyp-d3bj-DFT-forward,bhandhlyp-d3bj-DFT-reverse,bhandhlyp-d3bj-DFT-reaction,cam-b3lyp-DFT-forward,cam-b3lyp-DFT-reverse,cam-b3lyp-DFT-reaction,cam-b3lyp-d3bj-DFT-forward,cam-b3lyp-d3bj-DFT-reverse,cam-b3lyp-d3bj-DFT-reaction,blyp-DFT-forward,blyp-DFT-reverse,blyp-DFT-reaction,b3lyp-DFT-forward,b3lyp-DFT-reverse,b3lyp-DFT-reaction,bhandhlyp-DFT-forward,bhandhlyp-DFT-reverse,bhandhlyp-DFT-reaction,blyp-d3bj-DFT-forward,blyp-d3bj-DFT-reverse,blyp-d3bj-DFT-reaction,b3lyp-d3bj-DFT-forward,b3lyp-d3bj-DFT-reverse,b3lyp-d3bj-DFT-reaction,Range_DFT_forward,Std_DFT_forward,Range_DFT_reverse,Std_DFT_reverse,Range_DFT_reaction,Std_DFT_reaction
0,rxn_33,15.894,55.638,-39.744,26.932,55.317,-28.386,14.403,53.477,-39.073,30.678,34.811,-4.133,29.718,44.741,-15.022,31.585,57.864,-26.28,6.433,31.339,-24.906,9.492,41.843,-32.351,25.152,10.212703761737144,26.525,10.20633079094959,35.611,11.9841418601834
1,rxn_53,25.115,60.042,-34.927,34.926,59.395,-24.47,23.18,57.898,-34.718,37.707,38.983,-1.276,37.308,48.833,-11.524,39.94,61.925,-21.985,14.729,36.025,-21.296,18.166,46.374,-28.207,25.211,9.779939605970407,25.9,10.097061410380746,33.650999999999996,11.417326393781641
2,rxn_83,14.322,49.607,-35.285,23.737,48.589,-24.852,12.31,46.995,-34.685,26.285,28.56,-2.274,25.949,38.331,-12.382,28.845,51.775,-22.93,3.737,25.106,-21.369,7.176,35.482,-28.307,25.107999999999997,9.625228449051408,26.668999999999997,10.191586080649355,33.010999999999996,11.107074849585093
3,rxn_216,17.137,47.538,-30.4,27.282,49.034,-21.752,15.575,44.278,-28.703,31.028,31.273,-0.245,29.915,40.166,-10.251,31.698,52.942,-21.244,8.519,22.974,-14.454,11.134,33.194,-22.06,23.179000000000002,9.480182939765907,29.968,10.256572769797074,30.154999999999998,9.957030939240875
4,rxn_310,15.996,55.206,-39.21,25.128,54.813,-29.685,14.6,53.115,-38.515,27.887,33.731,-5.844,27.297,43.773,-16.476,29.474,57.188,-27.713,6.997,30.677,-23.68,9.908,41.215,-31.308,22.477,8.837440489797613,26.511000000000003,10.358043648019915,33.366,11.184918895388941
5,rxn_365,31.855,64.729,-32.874,39.459,63.318,-23.859,29.447,62.545,-33.098,39.129,41.534,-2.405,40.159,52.071,-11.911,44.525,65.485,-20.96,19.5,40.427,-20.927,23.796,51.12,-27.324,25.025,8.802488004617135,25.058,10.336170442224446,30.692999999999998,10.421973294781697
6,rxn_632,17.219,56.386,-39.167,28.441,56.546,-28.105,15.701,53.99,-38.289,32.043,37.467,-5.424,31.174,46.762,-15.588,33.201,59.486,-26.285,7.309,32.657,-25.348,10.549,42.741,-32.193,25.892,10.429647164796268,26.829,9.900874549214617,33.743,11.33100760161501
7,rxn_721,20.873,59.636,-38.764,27.622,59.156,-31.534,19.146,57.893,-38.747,27.966,38.697,-10.731,28.497,48.609,-20.111,32.012,61.331,-29.319,10.607,36.028,-25.421,14.095,46.402,-32.307,21.405,7.6387589820411455,25.303000000000004,9.98369550817732,28.033,9.488118506095626
8,rxn_745,26.993,30.026,-3.033,32.362,28.241,4.121,25.551,27.665,-2.114,35.383,13.402,21.981,34.601,20.636,13.964,35.965,30.644,5.321,21.393,12.449,8.944,22.989,19.834,3.155,14.572000000000003,5.861991468958554,18.195,7.328329558978635,25.014000000000003,8.320793402031187
9,rxn_751,9.661,21.163,-11.501,16.727,19.127,-2.4,9.459,19.18,-9.721,19.83,3.834,15.996,18.64,11.11,7.53,19.172,20.788,-1.616,5.039,4.455,0.584,6.354,11.597,-5.243,14.790999999999999,6.112981637466286,17.329,7.161559761273078,27.497,9.027510445260404
10,rxn_769,28.937,31.687,-2.75,36.59,29.651,6.938,27.945,29.267,-1.322,39.691,13.666,26.025,38.763,21.262,17.501,40.133,32.096,8.037,22.247,13.021,9.226,24.272,20.723,3.549,17.886000000000003,7.289333356742186,19.074999999999996,7.836056806063693,28.775,9.552802864679485
11,rxn_839,25.282,34.031,-8.749,29.09,31.291,-2.201,24.201,30.932,-6.731,31.863,17.075,14.788,31.047,24.268,6.779,32.167,34.419,-2.252,21.008,16.465,4.542,22.093,23.757,-1.665,11.159000000000002,4.500652411039982,17.953999999999997,7.211632166160444,23.537,7.720708709836349
12,rxn_853,28.929,32.96,-4.031,34.128,30.723,3.405,27.288,30.385,-3.098,37.818,16.562,21.256,36.819,23.553,13.266,37.884,33.333,4.551,23.888,15.985,7.903,25.245,23.068,2.177,13.995999999999999,5.822239123457081,17.348,7.045302131562563,25.287,8.41069867893608
13,rxn_942,30.543,48.474,-17.93,33.536,45.244,-11.708,28.775,44.526,-15.752,34.427,29.954,4.473,34.728,37.988,-3.26,37.128,49.237,-12.109,24.1,28.787,-4.687,26.189,37.002,-10.814,13.027999999999999,4.555796990021144,20.450000000000003,7.969773898925866,22.403,7.355170891236023
14,rxn_971,29.403,43.6,-14.197,32.685,40.251,-7.565,27.919,39.673,-11.754,35.036,25.139,9.897,34.626,33.086,1.54,36.231,44.241,-8.01,24.227,24.145,0.082,25.722,32.252,-6.53,12.004000000000001,4.548707679503205,20.096,7.87708281640028,24.094,7.902996148613511
15,rxn_1000,37.956,37.784,0.172,44.777,34.632,10.145,36.2,34.571,1.629,48.627,19.783,28.844,47.749,27.221,20.528,48.954,37.575,11.379,31.568,20.177,11.391,33.536,27.514,6.022,17.386,7.151405904485794,18.000999999999998,7.319574488754696,28.672,9.558121927748896
16,rxn_1011,38.49,36.013,2.477,47.16,33.152,14.008,36.706,33.009,3.696,52.242,18.785,33.457,50.886,25.988,24.898,51.758,35.939,15.819,31.67,18.964,12.707,33.736,26.103,7.633,20.571999999999996,8.581777771201356,17.227999999999998,7.082453901569507,30.98,10.562093156154502
17,rxn_1017,32.553,36.581,-4.029,40.429,33.598,6.831,30.986,33.44,-2.454,45.447,19.028,26.419,44.009,26.333,17.675,44.618,36.561,8.056,26.739,19.084,7.655,28.423,26.36,2.063,18.708000000000002,7.783588118599289,17.553000000000004,7.242898362977944,30.448,10.164272175475373
18,rxn_1024,21.98,32.057,-10.078,25.256,29.728,-4.472,20.973,29.479,-8.506,26.58,15.602,10.978,26.301,22.627,3.675,28.125,32.294,-4.17,16.88,15.232,1.648,18.307,22.313,-4.006,11.245000000000001,4.134795546854248,17.061999999999998,6.989284226585724,21.055999999999997,6.930522634126727
19,rxn_1093,28.872,35.574,-6.701,37.263,32.493,4.771,27.669,32.563,-4.893,42.755,17.418,25.337,40.891,24.854,16.038,41.127,35.198,5.929,23.758,18.066,5.692,25.065,25.359,-0.294,18.997000000000003,7.874397373767722,18.156,7.338297504725272,32.038,10.65910955055413
20,rxn_1181,25.403,33.958,-8.555,28.094,31.6,-3.506,23.981,31.225,-7.244,29.098,17.749,11.348,29.136,24.704,4.432,31.359,34.375,-3.016,19.672,17.108,2.564,21.376,24.166,-2.789,11.687000000000001,4.1125552862111,17.267,6.9528560203189675,19.903,6.591139653244455
21,rxn_1225,21.105,30.079,-8.974,25.909,28.077,-2.168,20.083,27.64,-7.557,29.206,14.054,15.152,28.163,20.998,7.164,29.14,30.631,-1.491,16.6,13.176,3.424,17.742,20.272,-2.53,12.605999999999998,5.21112855887694,17.455,7.005450886631067,24.125999999999998,7.950335626338587
22,rxn_1248,29.768,34.055,-4.288,37.354,31.226,6.128,28.336,31.023,-2.687,42.409,16.628,25.782,40.853,23.921,16.931,41.369,34.071,7.299,24.398,16.642,7.755,25.862,23.908,1.954,18.011,7.476647547769752,17.442999999999998,7.222606766258288,30.07,9.989241637882227
23,rxn_1285,29.654,41.225,-11.571,31.964,38.08,-6.115,28.02,37.717,-9.697,33.15,23.844,9.306,33.191,31.237,1.954,35.387,41.6,-6.212,24.076,23.268,0.808,25.721,30.75,-5.03,11.311,3.968747695162435,18.332,7.315845941467447,20.877,6.8880461035768334
24,rxn_1394,23.513,32.008,-8.495,27.442,29.25,-1.807,22.561,29.044,-6.483,29.793,13.638,16.155,29.12,21.404,7.715,30.383,32.155,-1.772,18.959,13.429,5.529,20.18,21.218,-1.038,11.424,4.508681671033594,18.726,7.7203782799623415,24.65,8.112928659157028
25,rxn_1424,28.322,35.486,-7.165,35.764,32.533,3.231,27.067,32.492,-5.425,41.059,17.482,23.578,39.244,24.924,14.319,39.56,35.236,4.324,23.607,17.935,5.672,24.722,25.266,-0.544,17.451999999999998,7.228293523914005,18.003999999999998,7.33991009579039,30.743,10.162413517467197
26,rxn_1441,33.145,38.381,-5.236,39.629,35.406,4.223,31.581,35.19,-3.608,43.015,20.276,22.739,42.184,27.812,14.373,43.502,38.358,5.144,26.937,20.366,6.571,28.799,27.854,0.944,16.565,6.7453081471493945,18.105,7.47722371964163,27.975,9.239874299546969
27,rxn_1463,17.49,57.184,-39.694,23.116,55.29,-32.175,13.993,55.642,-41.649,24.288,44.701,-20.414,25.615,49.724,-24.109,29.273,57.205,-27.932,6.065,44.461,-38.396,10.454,49.597,-39.143,23.208,8.119921177485125,12.744,5.325381944719351,21.235,8.02016084626736
28,rxn_1466,13.956,55.607,-41.651,19.699,54.266,-34.566,10.546,54.585,-44.038,20.178,44.161,-23.983,21.771,48.852,-27.081,25.703,55.594,-29.89,2.035,43.996,-41.961,6.665,48.779,-42.114,23.668,8.174404398355708,11.610999999999997,4.937317779639351,20.054999999999996,7.854761849622539
29,rxn_1469,13.667,55.875,-42.208,21.969,56.018,-34.049,10.649,55.438,-44.789,22.683,45.207,-22.524,24.044,49.978,-25.934,27.656,56.629,-28.972,1.182,43.908,-42.726,6.084,48.918,-42.834,26.474,9.508157756819742,12.720999999999997,5.1767453906180965,22.265,8.79846067705677
30,rxn_1479,22.998,58.846,-35.848,32.65,57.167,-24.517,19.707,58.358,-38.651,34.055,45.455,-11.401,35.231,50.512,-15.281,38.599,57.316,-18.717,10.207,47.734,-37.526,15.241,52.423,-37.181,28.391999999999996,10.466144753441927,13.390999999999998,5.185708573639121,27.250000000000004,11.2294327645828
31,rxn_1480,16.245,52.032,-35.787,27.103,52.568,-25.466,12.94,51.823,-38.883,29.484,42.229,-12.745,30.199,46.663,-16.465,33.185,53.013,-19.828,3.617,40.549,-36.932,8.512,45.297,-36.785,29.568,11.227369275092261,12.463999999999999,4.99687018471134,26.138000000000005,10.521095555902368
32,rxn_1495,13.355,56.496,-43.141,23.125,56.446,-33.32,10.467,55.997,-45.53,25.013,45.733,-20.72,25.822,50.504,-24.682,28.771,57.114,-28.343,1.391,44.606,-43.215,6.052,49.598,-43.545,27.380000000000003,10.261381249269375,12.507999999999996,5.127427334582966,24.810000000000002,9.815431378337742
33,rxn_1536,16.871,46.633,-29.762,23.389,46.695,-23.306,15.623,45.427,-29.804,23.257,28.118,-4.862,23.787,36.882,-13.096,27.245,48.327,-21.082,7.091,25.453,-18.362,10.381,34.681,-24.301,20.154,7.1509952753845,22.874,9.030487710290862,24.942,8.442283009394691
34,rxn_1606,19.516,50.275,-30.759,25.894,50.356,-24.462,18.267,48.92,-30.653,26.671,32.706,-6.035,26.854,41.252,-14.398,29.808,52.266,-22.458,10.614,29.537,-18.923,13.542,38.644,-25.102,19.194,6.967998457232895,22.729,8.760221132238287,24.724,8.352413231259233
35,rxn_1708,19.864,49.128,-29.263,26.582,48.784,-22.203,18.354,47.74,-29.386,26.098,29.389,-3.291,26.828,38.555,-11.727,30.618,50.507,-19.89,9.421,27.212,-17.79,12.959,36.759,-23.799,21.197,7.461472930039638,23.294999999999998,9.345383699987925,26.095,8.822347516190268
36,rxn_1779,18.578,47.166,-28.588,24.963,46.927,-21.964,17.121,45.838,-28.717,24.972,27.975,-3.002,25.426,36.9,-11.474,28.881,48.566,-19.685,8.981,25.784,-16.803,12.138,35.086,-22.948,19.9,7.0818225055419175,22.782000000000004,9.126897779170564,25.715,8.688417592856432
37,rxn_1801,13.677,53.841,-40.164,17.979,53.35,-35.371,12.746,52.354,-39.609,17.432,36.699,-19.267,17.975,44.814,-26.839,21.084,55.221,-34.138,5.789,34.526,-28.737,8.364,43.022,-34.658,15.295,5.254886752891473,20.694999999999993,8.151214229224642,20.897000000000002,7.0304609569968575
38,rxn_1814,15.435,52.353,-36.919,19.169,51.687,-32.518,14.502,50.872,-36.37,18.777,34.696,-15.919,19.231,42.948,-23.717,22.272,53.475,-31.202,7.958,32.912,-24.954,10.33,41.48,-31.15,14.313999999999998,4.882976895003996,20.563000000000002,8.228517353647966,20.999999999999996,7.113344902113813
39,rxn_1886,23.81,54.26,-30.451,30.762,53.27,-22.508,22.212,52.489,-30.278,31.323,34.807,-3.484,31.754,43.794,-12.04,35.134,55.387,-20.253,13.705,33.002,-19.297,17.114,42.317,-25.203,21.429000000000002,7.711079093467677,22.384999999999998,8.974135720422964,26.967,9.12904710643058
40,rxn_1919,18.876,44.717,-25.841,24.511,44.327,-19.816,17.62,43.521,-25.901,22.804,23.974,-1.17,23.898,33.37,-9.472,28.046,45.568,-17.522,8.471,22.646,-14.174,12.018,32.256,-20.238,19.575,6.654091716487575,22.921999999999997,9.536531683666311,24.731,8.3741846639368
41,rxn_2012,18.339,51.779,-33.44,23.186,50.851,-27.665,16.731,49.72,-32.989,23.215,33.131,-9.917,23.797,41.776,-17.979,27.343,53.395,-26.052,9.066,30.537,-21.471,12.112,39.649,-27.538,18.277,6.315737666168311,22.858000000000004,8.876369862087286,23.522999999999996,7.909002012851287
42,rxn_2211,26.305,59.97,-33.665,29.64,58.27,-28.63,24.438,57.509,-33.071,28.726,39.812,-11.086,29.786,48.984,-19.198,33.75,61.066,-27.315,17.006,38.061,-21.055,20.119,47.549,-27.43,16.744,5.512277536813358,23.005000000000003,9.136044031941365,22.579,7.627273464351465
43,rxn_2260,14.03,57.012,-42.981,23.474,55.428,-31.954,12.83,54.947,-42.118,26.777,39.002,-12.225,26.007,47.016,-21.009,27.678,57.335,-29.656,5.684,38.563,-32.879,8.451,46.618,-38.168,21.994,8.864252848016658,18.772,7.809607040370213,30.756,10.528768721256741
44,rxn_2270,13.518,52.944,-39.426,23.609,52.779,-29.169,12.676,51.41,-38.734,28.738,38.138,-9.399,27.157,45.268,-18.111,27.982,54.59,-26.609,6.207,35.557,-29.35,8.478,43.12,-34.642,22.531,9.304772031252105,19.033,7.296907265606242,30.027,10.271615952989787
45,rxn_2310,20.181,54.149,-33.968,28.562,52.275,-23.713,19.102,52.509,-33.407,28.613,34.83,-6.217,29.157,43.005,-13.848,32.261,53.131,-20.87,9.808,36.479,-26.671,13.523,44.31,-30.787,22.453000000000003,8.21257602595817,19.319000000000003,7.795065893609514,27.751000000000005,9.779238758534765
46,rxn_2326,25.318,55.459,-30.141,33.796,54.138,-20.342,23.857,53.775,-29.918,36.026,38.702,-2.676,35.948,46.213,-10.265,38.576,55.693,-17.117,15.332,38.399,-23.067,18.802,45.935,-27.133,23.244,8.789619647832973,17.293999999999997,7.266438246191477,27.464999999999996,9.745023285723112
47,rxn_2334,17.748,56.034,-38.286,25.141,54.705,-29.564,16.48,53.922,-37.442,27.714,38.523,-10.808,27.427,46.637,-19.21,29.582,56.927,-27.346,9.23,37.143,-27.912,12.142,45.481,-33.34,20.352,7.786268003900933,19.784,7.897082680151122,27.478,9.251858670404713
48,rxn_2468,25.649,53.052,-27.403,33.758,51.995,-18.237,24.212,51.538,-27.327,35.523,36.496,-0.973,35.619,43.964,-8.345,38.476,53.402,-14.925,15.463,36.0,-20.537,19.01,43.527,-24.517,23.012999999999998,8.566528981198527,17.402,7.282363563529945,26.43,9.385321609528663
49,rxn_2473,11.369,55.071,-43.702,19.098,54.447,-35.349,10.224,53.443,-43.219,21.291,39.823,-18.531,20.825,47.013,-26.188,22.787,56.239,-33.452,3.717,38.055,-34.338,6.178,45.527,-39.348,19.07,7.459631826179014,18.183999999999997,7.151235972094014,25.171,8.533178999604177
50,rxn_2482,16.71,54.239,-37.529,24.327,53.409,-29.082,15.674,52.582,-36.908,27.641,38.315,-10.674,26.909,45.721,-18.812,28.583,55.247,-26.664,9.081,36.738,-27.656,11.567,44.411,-32.844,19.502,7.730811711216727,18.509,7.3582799377882555,26.855000000000004,9.098411532279375
51,rxn_2517,22.779,53.85,-31.071,31.766,52.677,-20.911,21.467,52.266,-30.799,33.475,36.862,-3.387,33.468,44.418,-10.95,36.087,53.885,-17.798,12.803,36.872,-24.069,16.282,44.377,-28.095,23.284000000000002,8.83307276154308,17.022999999999996,7.3007679133773316,27.684,9.845799844168505
52,rxn_2530,18.286,55.984,-37.698,26.37,54.34,-27.97,16.993,54.114,-37.121,29.356,38.226,-8.869,28.882,46.161,-17.278,30.856,56.184,-25.328,9.805,37.927,-28.122,12.679,45.907,-33.228,21.051000000000002,8.215838500594883,18.256999999999998,7.654371784197204,28.829,9.884309481626495
53,rxn_2645,16.01,53.323,-37.313,22.688,52.078,-29.39,15.083,51.487,-36.405,25.011,36.021,-11.01,24.57,43.882,-19.313,26.569,53.97,-27.401,8.477,35.019,-26.542,10.922,43.044,-32.122,18.092,6.942906096976148,18.951,7.722862829658073,26.303000000000004,8.786124287761927
54,rxn_2672,14.897,55.423,-40.525,23.79,54.676,-30.885,13.903,53.655,-39.752,27.218,39.616,-12.399,26.39,47.073,-20.683,28.031,56.666,-28.636,6.762,37.666,-30.904,9.437,45.451,-36.014,21.269,8.538780592098616,19.0,7.429120727630848,28.125999999999998,9.577524669021443
55,rxn_2676,10.321,53.147,-42.827,15.615,51.445,-35.83,8.673,50.777,-42.104,16.93,35.196,-18.265,17.121,43.207,-26.086,20.025,53.815,-33.791,1.693,34.162,-32.47,4.546,42.334,-37.788,18.331999999999997,6.585026347707349,19.653,7.935533035251723,24.561999999999998,8.219204870084974
56,rxn_2720,10.28,53.535,-43.255,20.803,53.024,-32.221,9.233,51.98,-42.747,25.127,39.069,-13.942,23.844,45.976,-22.133,25.053,54.837,-29.784,2.245,37.027,-34.782,4.802,44.282,-39.48,22.881999999999998,9.543101696101894,17.810000000000002,6.910367444230857,29.313000000000002,10.237080471082981
57,rxn_2759,14.921,55.404,-40.483,25.916,54.699,-28.783,13.8,53.622,-39.822,31.003,39.382,-8.379,29.666,47.026,-17.36,30.647,56.679,-26.032,6.6,37.373,-30.773,9.388,45.357,-35.969,24.403,10.133361308604085,19.306000000000004,7.539663686133488,32.104,11.134488998955327
58,rxn_2760,11.867,54.371,-42.505,21.818,53.965,-32.147,10.708,52.728,-42.02,25.574,39.626,-14.052,24.521,46.739,-22.217,26.012,55.823,-29.811,3.679,37.366,-33.688,6.294,44.854,-38.56,22.333000000000002,9.170559640774384,18.457,7.112831463529235,28.453000000000003,9.85005070327777
59,rxn_2890,16.52,54.049,-37.53,23.273,52.753,-29.48,15.361,52.167,-36.806,24.404,36.144,-11.74,24.443,44.158,-19.715,27.165,54.545,-27.38,7.77,35.373,-27.603,10.681,43.501,-32.82,19.395,7.148993584264652,19.172000000000004,7.9138273339408025,25.79,8.678816455682686
60,rxn_2972,28.147,50.716,-22.569,34.927,46.817,-11.89,25.258,45.863,-20.605,38.733,28.043,10.69,38.34,38.171,0.169,40.174,51.877,-11.704,20.144,26.253,-6.109,22.808,36.672,-13.864,20.03,7.9218957135542105,25.624000000000002,9.861030864685787,33.259,10.930669823286873
61,rxn_3030,15.941,51.015,-35.074,20.7,45.87,-25.17,13.008,45.749,-32.741,24.721,26.3,-1.579,24.005,36.794,-12.789,25.613,51.404,-25.791,9.75,25.583,-15.833,11.516,36.236,-24.72,15.863,6.386899219719781,25.821000000000005,10.272972951772879,33.495,11.066979281209226
62,rxn_3198,7.589,46.529,-38.941,12.871,42.779,-29.908,5.979,42.257,-36.277,17.624,24.938,-7.314,16.383,34.588,-18.205,16.58,47.585,-31.005,3.598,23.151,-19.553,4.725,33.159,-28.434,14.026,5.826334572745666,24.434,9.423421440371706,31.627000000000002,10.491428568632315
63,rxn_3225,15.902,51.186,-35.284,21.902,47.936,-26.035,13.32,46.355,-33.035,25.828,29.778,-3.949,25.182,39.631,-14.449,26.543,53.256,-26.713,9.396,26.521,-17.126,11.454,36.935,-25.481,17.147,6.973742906431237,26.735,9.878571061357292,31.335,10.356849120957865
64,rxn_3483,22.994,46.285,-23.291,30.48,43.704,-13.223,20.286,41.865,-21.579,35.921,25.946,9.975,34.668,35.453,-0.786,35.407,48.623,-13.216,16.821,22.261,-5.44,18.682,32.393,-13.711,19.099999999999998,8.062513573631984,26.362,9.657926259961666,33.266,11.017621722073882
65,rxn_3536,22.214,47.91,-25.696,27.481,43.332,-15.851,20.055,42.917,-22.862,32.01,23.313,8.697,30.994,33.929,-2.935,31.563,48.485,-16.921,17.53,22.396,-4.866,18.915,33.168,-14.252,14.479999999999997,6.085895068575721,26.089,10.355996713429926,34.393,11.407388404638711
66,rxn_3759,-10.093,28.132,-38.225,-6.274,25.053,-31.327,-10.055,25.048,-35.102,2.787,13.634,-10.848,-0.917,20.312,-21.229,-5.243,28.334,-33.577,-4.69,13.286,-17.975,-7.149,20.043,-27.192,12.879999999999999,4.389315167865842,15.048,5.9564241130300415,27.377000000000002,9.481315971613403
67,rxn_3781,-4.501,32.431,-36.932,-2.169,28.579,-30.748,-5.27,28.475,-33.746,4.413,14.951,-10.538,2.222,23.005,-20.784,-0.283,32.563,-32.846,-2.192,14.743,-16.935,-3.246,22.833,-26.079,9.683,3.324652495267094,17.82,7.085557846775369,26.394000000000002,9.237615013782353
68,rxn_4123,3.597,40.459,-36.863,5.319,36.836,-31.517,2.928,36.315,-33.387,11.683,22.632,-10.949,9.572,31.087,-21.515,6.919,41.07,-34.151,6.478,21.704,-15.226,5.269,30.307,-25.037,8.754999999999999,2.941489658440819,19.366,7.47244029274048,25.914,9.509776141837259
69,rxn_4392,9.841,39.114,-29.273,12.162,34.883,-22.722,8.509,34.546,-26.036,9.98,10.169,-0.19,11.871,23.15,-11.279,14.727,39.678,-24.952,2.389,9.255,-6.866,5.573,22.408,-16.835,12.338000000000001,3.9139583179034645,30.422999999999995,12.30367618626354,29.083,10.321289432700327
70,rxn_4581,24.236,47.31,-23.074,35.34,44.044,-8.704,22.492,44.927,-22.436,37.536,22.438,15.098,37.535,32.98,4.555,39.646,45.656,-6.01,13.858,25.116,-11.258,17.676,35.146,-17.47,25.788,10.142637138584817,24.872000000000003,9.755803261026594,38.172000000000004,13.24500151472245
71,rxn_4652,-3.135,40.568,-43.703,4.942,37.866,-32.924,-4.766,38.256,-43.022,8.849,19.252,-10.403,7.569,28.281,-20.712,8.428,39.831,-31.403,-8.819,20.432,-29.251,-7.274,29.236,-36.51,17.668,7.464981327122374,21.316,8.663839477968184,33.300000000000004,11.169196697038817
72,rxn_4937,9.72,34.778,-25.058,18.467,31.178,-12.711,6.836,31.873,-25.037,22.832,12.213,10.619,21.766,21.435,0.33,23.405,33.381,-9.976,2.007,14.554,-12.546,4.245,23.307,-19.062,21.398,8.899681402804742,22.564999999999998,8.771169468165901,35.677,12.294460372024698
73,rxn_5047,5.087,43.578,-38.491,11.448,40.699,-29.251,2.856,40.715,-37.859,13.273,21.657,-8.384,13.205,31.014,-17.809,15.544,43.117,-27.574,-2.769,22.494,-25.263,-0.241,31.653,-31.894,18.313000000000002,6.9550920695867555,21.921000000000003,8.9675364738993,30.107,10.094703900525548
74,rxn_5129,1.194,41.486,-40.292,9.833,37.718,-27.885,-0.43,38.299,-38.729,14.087,17.286,-3.199,12.727,27.284,-14.558,13.482,40.321,-26.839,-4.706,19.196,-23.902,-3.051,28.819,-31.87,18.793,7.922378538941806,24.199999999999996,9.565506340679065,37.093,12.30646424503341
75,rxn_5191,48.967,45.921,3.046,48.486,42.038,6.448,45.774,43.48,2.294,36.792,30.622,6.17,43.003,36.293,6.71,52.79,44.782,8.008,30.778,32.266,-1.488,38.044,37.738,0.306,22.012,7.3840436995688785,15.299,5.793189252414055,9.495999999999999,3.4155546610846597
76,rxn_5245,36.854,40.773,-3.919,39.268,41.131,-1.863,35.276,39.55,-4.274,25.582,29.873,-4.291,32.186,35.228,-3.042,42.145,43.321,-1.176,17.299,25.771,-8.472,25.324,31.881,-6.557,24.846000000000004,8.378701685140214,17.549999999999997,6.26800376059692,7.295999999999999,2.3858288616627252
77,rxn_5345,39.184,45.336,-6.152,39.939,44.068,-4.129,37.317,43.722,-6.404,27.007,33.298,-6.291,33.363,38.58,-5.217,42.93,46.575,-3.644,21.086,31.154,-10.068,28.49,36.899,-8.409,21.844,7.544456791957542,15.421000000000003,5.817333974547839,6.4239999999999995,2.1252914926125848
78,rxn_5374,37.034,43.724,-6.69,38.021,43.529,-5.508,35.399,41.946,-6.547,25.507,32.33,-6.823,31.62,37.882,-6.262,40.908,46.401,-5.493,19.361,27.99,-8.628,26.578,34.356,-7.778,21.547,7.4030516680623,18.411000000000005,6.469293111085853,3.135,1.068067873378306
79,rxn_5432,36.964,52.465,-15.5,36.916,50.797,-13.882,34.621,50.032,-15.412,24.22,41.276,-17.056,30.669,46.244,-15.576,40.356,54.127,-13.771,18.844,38.545,-19.701,26.254,44.052,-17.798,21.512,7.440204490277324,15.582,5.574025827763218,5.93,2.0076522891889703
80,rxn_5506,36.019,42.373,-6.354,37.928,41.828,-3.901,34.401,40.856,-6.455,25.112,30.881,-5.769,31.383,36.138,-4.755,40.859,44.126,-3.267,17.488,28.028,-10.54,25.089,33.826,-8.737,23.371000000000002,7.876491195549668,16.098,5.928806167469854,7.273,2.4354062582774856
81,rxn_5534,45.623,45.339,0.284,43.514,43.194,0.32,42.378,42.477,-0.099,33.685,35.636,-1.95,38.828,39.639,-0.811,47.601,46.58,1.021,30.499,33.619,-3.121,36.238,38.003,-1.765,17.102,6.008768824452667,12.960999999999999,4.62140712762744,4.1419999999999995,1.4075335507292788
82,rxn_5581,34.778,49.512,-14.734,36.787,49.788,-13.002,32.955,47.216,-14.262,23.914,35.233,-11.319,30.62,42.537,-11.917,40.056,52.912,-12.856,15.532,29.858,-14.326,23.708,38.09,-14.382,24.523999999999997,8.148124985891801,23.054,8.12142005088132,3.414999999999999,1.2710169999987073
83,rxn_5582,27.144,35.649,-8.505,28.734,34.772,-6.038,26.054,34.451,-8.397,14.556,18.913,-4.356,21.525,26.421,-4.896,30.676,36.243,-5.567,9.024,17.946,-8.922,16.944,25.643,-8.699,21.652,7.679921882740735,18.297,7.569465252862035,4.566000000000001,1.8953233421842755
84,rxn_5590,32.82,40.354,-7.534,34.846,39.828,-4.982,31.27,38.548,-7.278,22.981,26.16,-3.179,29.161,32.959,-3.798,37.794,42.254,-4.461,15.113,23.146,-8.033,22.672,30.491,-7.819,22.680999999999997,7.529310638858551,19.107999999999997,7.125857823047391,4.853999999999999,1.983326858732929
85,rxn_5616,30.355,40.701,-10.346,33.124,38.471,-5.347,29.236,38.668,-9.432,20.899,22.839,-1.94,27.005,30.424,-3.419,35.396,40.574,-5.178,13.024,23.016,-9.992,20.461,30.586,-10.125,22.372,7.50504578838226,17.862000000000002,7.501559941343629,8.406,3.386974584977826
86,rxn_5653,32.765,44.177,-11.412,34.366,42.97,-8.604,31.579,42.041,-10.461,21.435,27.511,-6.076,27.862,35.216,-7.354,36.712,45.652,-8.94,15.192,25.123,-9.932,22.718,33.271,-10.553,21.520000000000003,7.433198387494925,20.529,7.888609970575117,5.336000000000001,1.7900689531810943
87,rxn_5748,28.568,52.191,-23.622,30.136,51.606,-21.47,26.989,49.495,-22.506,16.506,35.789,-19.283,23.379,43.806,-20.427,32.888,54.936,-22.048,9.704,31.517,-21.813,17.764,40.257,-22.493,23.183999999999997,7.943166240773979,23.419,8.492131079290825,4.338999999999999,1.342773223061671
88,rxn_5751,31.239,44.154,-12.915,32.698,43.508,-10.81,29.891,42.058,-12.167,20.916,29.454,-8.538,26.867,36.45,-9.583,35.415,46.365,-10.95,14.289,25.923,-11.634,21.423,33.558,-12.135,21.125999999999998,7.15123910841431,20.442000000000004,7.510679686762235,4.376999999999999,1.4521043842841126
89,rxn_5756,33.765,51.565,-17.8,35.542,50.396,-14.854,32.112,48.65,-16.537,23.08,35.182,-12.101,29.479,42.924,-13.445,38.334,53.802,-15.467,15.885,31.698,-15.813,23.52,40.028,-16.508,22.449000000000005,7.5556085495194525,22.104,8.117359087386207,5.699,1.8284294538912738
90,rxn_5854,32.246,45.056,-12.81,34.586,44.438,-9.852,31.0,42.707,-11.707,21.871,28.987,-7.116,28.186,36.62,-8.434,37.08,47.293,-10.213,14.288,25.509,-11.221,21.91,33.731,-11.821,22.791999999999998,7.695577179458341,21.784,8.081055039632599,5.694000000000001,1.8971644819120383
91,rxn_5956,42.042,62.261,-20.219,42.618,60.76,-18.142,40.476,59.575,-19.099,27.436,44.118,-16.682,35.093,52.54,-17.447,45.148,63.916,-18.767,22.437,41.484,-19.047,30.993,50.372,-19.379,22.711000000000002,8.166377496216684,22.431999999999995,8.55071410134014,3.5370000000000026,1.12900446032271
92,rxn_5998,31.595,48.029,-16.433,31.865,47.126,-15.261,30.176,45.56,-15.383,19.963,33.419,-13.456,25.928,40.561,-14.632,34.271,50.462,-16.191,15.703,29.556,-13.853,22.442,37.395,-14.953,18.568,6.598109976944697,20.906000000000002,7.528742505510845,2.9770000000000003,1.0365242399481065
93,rxn_6105,39.303,49.553,-10.25,42.05,47.947,-5.898,37.887,47.22,-9.334,29.122,32.166,-3.044,35.845,40.084,-4.239,44.959,50.594,-5.636,20.155,30.52,-10.365,28.438,38.731,-10.293,24.804000000000002,8.22718296584994,20.074,7.894774029834094,7.321,3.008450048850499
94,rxn_6178,41.701,59.959,-18.257,42.757,59.712,-16.955,39.86,57.024,-17.164,27.13,41.984,-14.853,34.966,50.924,-15.958,45.669,63.184,-17.514,20.826,36.97,-16.144,29.765,46.733,-16.968,24.842999999999996,8.716760403301873,26.214,9.473521486603747,3.4040000000000017,1.0491103629129919
95,rxn_6180,28.992,39.506,-10.513,31.982,38.189,-6.207,27.916,37.503,-9.586,20.652,23.187,-2.535,26.528,30.683,-4.155,34.619,40.713,-6.094,11.759,21.25,-9.491,19.19,29.11,-9.921,22.86,7.518522779490282,19.463,7.57833102503447,7.978,2.987194610810809
96,rxn_6261,32.493,46.467,-13.974,33.845,45.252,-11.407,31.114,44.087,-12.973,22.269,31.138,-8.87,28.234,38.255,-10.021,36.569,48.351,-11.782,15.781,28.127,-12.346,22.91,35.794,-12.884,20.788000000000004,7.025565364896164,20.224,7.514628751166431,5.104000000000001,1.6680756609681366
97,rxn_6317,63.507,57.625,5.882,59.799,56.132,3.667,59.962,55.566,4.396,50.365,39.323,11.042,55.026,47.586,7.44,63.436,58.511,4.925,50.462,37.916,12.546,55.119,46.435,8.683,13.141999999999996,5.267465831470981,20.595000000000006,8.26018788700181,8.879,3.2234526271198267
98,rxn_6322,71.293,62.128,9.165,66.818,60.316,6.502,67.248,59.534,7.715,57.2,43.264,13.936,62.052,51.817,10.235,70.848,63.214,7.634,57.903,41.562,16.341,62.641,50.411,12.23,14.093000000000004,5.419878410272953,21.652,8.527967246486284,9.839000000000002,3.4375155376272226
99,rxn_6410,33.999,29.442,4.557,32.281,24.766,7.516,31.009,24.454,6.555,32.711,8.589,24.122,33.186,17.371,15.815,35.781,29.892,5.889,29.887,7.851,22.036,30.856,16.767,14.089,5.893999999999998,1.9018079180461038,22.041,8.657241180488324,19.564999999999998,7.620070039751228
100,rxn_6583,54.556,43.85,10.706,53.53,39.554,13.976,51.788,39.452,12.336,50.698,20.747,29.952,52.764,30.734,22.03,57.235,43.922,13.313,46.359,20.633,25.726,49.22,30.634,18.586,10.875999999999998,3.3412908861268398,23.288999999999998,9.498797890109193,19.246000000000002,6.986806187123597
101,rxn_6612,33.024,22.81,10.215,31.349,19.838,11.511,30.426,19.968,10.458,29.86,6.738,23.122,31.074,13.54,17.535,34.52,22.447,12.073,27.417,7.347,20.07,29.087,14.022,15.065,7.1030000000000015,2.2215713832137576,16.072,6.423509293435881,12.907,4.816168792648957
102,rxn_7236,34.841,38.387,-3.546,32.698,33.796,-1.098,31.609,33.774,-2.166,31.532,17.832,13.7,33.015,26.526,6.49,36.613,38.356,-1.743,28.634,17.918,10.716,30.656,26.588,4.068,7.978999999999999,2.471508374021246,20.555,8.287196655728298,17.246,6.496615051317108
103,rxn_7614,34.244,36.305,-2.061,33.348,31.586,1.762,30.983,31.123,-0.14,32.731,15.124,17.606,33.961,24.031,9.93,37.452,36.968,0.484,27.674,14.066,13.608,29.778,23.16,6.618,9.777999999999999,3.0111227112395893,22.902,8.897908228302072,19.667,7.166083697081094
104,rxn_7911,37.946,74.593,-36.647,39.507,73.948,-34.441,35.719,71.866,-36.147,36.0,56.917,-20.917,38.318,65.756,-27.439,43.797,77.349,-33.552,26.562,52.572,-26.01,30.61,62.162,-31.552,17.234999999999996,5.351006152050818,24.777,9.034919494265411,15.729999999999997,5.555900195480733
105,rxn_7955,34.907,74.088,-39.182,36.048,72.368,-36.321,32.651,71.373,-38.722,32.031,54.354,-22.324,34.513,63.558,-29.045,40.055,75.471,-35.416,23.836,52.172,-28.335,27.79,61.758,-33.968,16.219,5.022589469799703,23.299000000000007,9.057876962700949,16.858,5.856422102212725
106,rxn_8339,26.943,71.993,-45.05,28.347,71.753,-43.406,24.53,70.198,-45.668,23.096,53.023,-29.927,26.105,62.298,-36.194,32.354,73.793,-41.439,14.543,50.223,-35.68,19.061,59.957,-40.895,17.811,5.549715306404722,23.570000000000007,9.162551434273876,15.741,5.429230225297663
107,rxn_8396,32.304,73.092,-40.788,32.833,72.208,-39.375,30.388,70.279,-39.891,29.361,54.095,-24.734,31.351,63.375,-32.023,36.352,75.369,-39.017,22.836,50.598,-27.763,26.05,60.446,-34.396,13.515999999999998,4.187050067512584,24.771,9.277466707027301,16.053999999999995,6.084940284658274
