,Name,Type,wb97m-v-DFT-forward,REF-forward,wb97m-v-DELTA-forward,wb97m-v-DFT-reverse,REF-reverse,wb97m-v-DELTA-reverse,wb97m-v-DFT-reaction,REF-reaction,wb97m-v-DELTA-reaction,cam-b3lyp-DFT-forward,cam-b3lyp-DELTA-forward,cam-b3lyp-DFT-reverse,cam-b3lyp-DELTA-reverse,cam-b3lyp-DFT-reaction,cam-b3lyp-DELTA-reaction,wb97x-DFT-forward,wb97x-DELTA-forward,wb97x-DFT-reverse,wb97x-DELTA-reverse,wb97x-DFT-reaction,wb97x-DELTA-reaction,b97m-v-DFT-forward,b97m-v-DELTA-forward,b97m-v-DFT-reverse,b97m-v-DELTA-reverse,b97m-v-DFT-reaction,b97m-v-DELTA-reaction,pbe0-DFT-forward,pbe0-DELTA-forward,pbe0-DFT-reverse,pbe0-DELTA-reverse,pbe0-DFT-reaction,pbe0-DELTA-reaction,b3lyp-DFT-forward,b3lyp-DELTA-forward,b3lyp-DFT-reverse,b3lyp-DELTA-reverse,b3lyp-DFT-reaction,b3lyp-DELTA-reaction,bhandhlyp-DFT-forward,bhandhlyp-DELTA-forward,bhandhlyp-DFT-reverse,bhandhlyp-DELTA-reverse,bhandhlyp-DFT-reaction,bhandhlyp-DELTA-reaction,wb97x-v-DFT-forward,wb97x-v-DELTA-forward,wb97x-v-DFT-reverse,wb97x-v-DELTA-reverse,wb97x-v-DFT-reaction,wb97x-v-DELTA-reaction,Range_DFT_forward,Std_DFT_forward,Range_DFT_reverse,Std_DFT_reverse,Range_DFT_reaction,Std_DFT_reaction
0,02_1,Diels-Alder,6.726,8.1,-1.374,44.769,43.77,0.999,-38.043,-35.66,-2.383,19.416,11.316,43.705,-0.065,-24.289,11.371,15.419,7.319,49.601,5.831,-34.182,1.478,3.699,-4.401,33.697,-10.073,-29.998,5.662,11.619,3.519,40.114,-3.656,-28.495,7.165,21.102,13.002,33.49,-10.28,-12.388,23.272,23.916,15.816,46.526,2.756,-22.61,13.05,8.226,0.126,49.621,5.851,-41.395,-5.735,20.217,7.345568147578123,16.131,6.414468777414741,29.007000000000005,9.277123876965932
1,02_2,Diels-Alder,7.51,8.85,-1.34,44.406,43.49,0.916,-36.896,-34.63,-2.266,20.709,11.859,43.84,0.35,-23.13,11.5,16.624,7.774,49.658,6.168,-33.033,1.597,5.025,-3.825,33.793,-9.697,-28.768,5.862,12.91,4.06,40.206,-3.284,-27.297,7.333,22.622,13.772,33.896,-9.594,-11.274,23.356,25.287,16.437,46.797,3.307,-21.511,13.119,9.033,0.183,49.275,5.785,-40.242,-5.612,20.262,7.509150836527009,15.865000000000002,6.27575555923633,28.967999999999996,9.262645787362423
2,02_3,Diels-Alder,10.22,11.45,-1.23,49.196,47.83,1.366,-38.977,-36.38,-2.597,22.552,11.102,48.761,0.931,-26.208,10.172,18.248,6.798,54.477,6.647,-36.228,0.152,5.564,-5.886,36.62,-11.21,-31.055,5.325,13.841,2.391,45.713,-2.117,-31.873,4.507,23.469,12.019,38.864,-8.966,-15.395,20.985,27.139,15.689,51.661,3.831,-24.522,11.858,11.421,-0.029,54.072,6.242,-42.65,-6.27,21.575,7.495834495619168,17.857,6.652044519222215,27.255,8.748443796307024
3,02_4,Diels-Alder,8.552,10.15,-1.598,48.104,47.06,1.044,-39.553,-36.92,-2.633,20.749,10.599,47.992,0.932,-27.243,9.677,16.405,6.255,53.349,6.289,-36.943,-0.023,3.969,-6.181,36.0,-11.06,-32.031,4.889,12.242,2.092,45.344,-1.716,-33.102,3.818,21.726,11.576,38.323,-8.737,-16.597,20.323,25.305,15.155,50.695,3.635,-25.39,11.53,9.645,-0.505,52.884,5.824,-43.239,-6.319,21.336,7.423437063738449,17.348999999999997,6.41929170408565,26.641999999999996,8.553469651049715
4,02_5,Diels-Alder,27.414,26.57,0.844,95.022,93.72,1.302,-67.608,-67.15,-0.458,28.789,2.219,96.819,3.099,-68.029,-0.879,31.456,4.886,100.388,6.668,-68.933,-1.783,23.743,-2.827,93.407,-0.313,-69.663,-2.513,21.697,-4.873,99.1,5.38,-77.404,-10.254,25.958,-0.612,89.912,-3.808,-63.954,3.196,32.452,5.882,101.249,7.529,-68.798,-1.648,28.32,1.75,99.932,6.212,-71.612,-4.462,10.754999999999999,3.6386324722149586,11.336999999999989,3.957455024110461,13.449999999999996,3.859612172874366
5,02_6,Diels-Alder,28.336,26.77,1.566,64.154,62.05,2.104,-35.818,-35.27,-0.548,29.765,2.995,65.348,3.298,-35.583,-0.313,31.955,5.185,69.061,7.011,-37.105,-1.835,23.071,-3.699,60.769,-1.281,-37.699,-2.429,22.049,-4.721,66.154,4.104,-44.105,-8.835,26.84,0.07,58.165,-3.885,-31.325,3.945,33.44,6.67,69.515,7.465,-36.075,-0.805,28.849,2.079,68.77,6.72,-39.921,-4.651,11.390999999999998,3.968230279806279,11.350000000000001,4.09544094957168,12.779999999999998,3.696458437767541
6,02_7,Diels-Alder,20.378,19.07,1.308,42.714,39.4,3.314,-22.335,-20.32,-2.015,26.466,7.396,39.266,-0.134,-12.8,7.52,26.444,7.374,46.795,7.395,-20.352,-0.032,12.222,-6.848,23.51,-15.89,-11.287,9.033,17.06,-2.01,34.462,-4.938,-17.402,2.918,23.805,4.735,26.353,-13.047,-2.549,17.771,29.966,10.896,40.49,1.09,-10.524,9.796,21.807,2.737,47.674,8.274,-25.867,-5.547,17.744,5.7135647116564385,24.163999999999998,8.929544813226963,23.318,7.5477724812405045
7,02_8,Diels-Alder,12.409,12.2,0.209,37.429,36.77,0.659,-25.02,-24.57,-0.45,16.793,4.593,32.345,-4.425,-15.552,9.018,17.776,5.576,39.229,2.459,-21.453,3.117,8.374,-3.826,25.777,-10.993,-17.403,7.167,9.553,-2.647,31.142,-5.628,-21.588,2.982,15.918,3.718,22.079,-14.691,-6.16,18.41,19.411,7.211,32.693,-4.077,-13.282,11.288,13.436,1.236,41.488,4.718,-28.052,-3.482,11.037,3.9450714188719065,19.409,6.605894483608668,21.892,6.9833657613748725
8,02_9,Diels-Alder,18.079,17.83,0.249,50.103,47.85,2.253,-32.024,-30.02,-2.004,25.355,7.525,45.504,-2.346,-20.149,9.871,24.859,7.029,53.529,5.679,-28.67,1.35,14.012,-3.818,38.211,-9.639,-24.199,5.821,17.308,-0.522,43.254,-4.596,-25.947,4.073,24.571,6.741,34.198,-13.652,-9.627,20.393,29.138,11.308,47.081,-0.769,-17.944,12.076,19.535,1.705,54.66,6.81,-35.125,-5.105,15.126000000000001,5.113422936253172,20.461999999999996,7.143032749269938,25.497999999999998,8.207340563483399
9,02_10,Diels-Alder,19.502,19.75,-0.248,53.281,50.92,2.361,-33.778,-31.17,-2.608,29.184,9.434,48.347,-2.573,-19.163,12.007,26.939,7.189,56.303,5.383,-29.364,1.806,16.975,-2.775,41.559,-9.361,-24.584,6.586,21.414,1.664,46.21,-4.71,-24.796,6.374,29.562,9.812,36.886,-14.034,-7.324,23.846,33.255,13.505,49.837,-1.083,-16.582,14.588,20.92,1.17,57.815,6.895,-36.896,-5.726,16.28,5.7783415919770125,20.928999999999995,7.171426133323432,29.572000000000003,9.62248773057155
10,02_11,Diels-Alder,22.707,23.08,-0.373,47.809,45.7,2.109,-25.102,-22.62,-2.482,33.474,10.394,43.902,-1.798,-10.427,12.193,30.798,7.718,51.694,5.994,-20.896,1.724,20.316,-2.764,35.637,-10.063,-15.321,7.299,25.386,2.306,41.31,-4.39,-15.924,6.696,34.386,11.306,33.234,-12.466,1.151,23.771,38.083,15.003,45.755,0.055,-7.673,14.947,24.328,1.248,52.587,6.887,-28.259,-5.639,17.767,6.368074271596667,19.353,7.006265481695651,29.41,9.623425673658447
11,02_12,Diels-Alder,24.292,24.51,-0.218,47.069,44.87,2.199,-22.777,-20.36,-2.417,32.509,7.999,43.318,-1.552,-10.809,9.551,31.329,6.819,51.063,6.193,-19.734,0.626,22.012,-2.498,35.16,-9.71,-13.148,7.212,24.638,0.128,40.571,-4.299,-15.933,4.427,32.667,8.157,32.703,-12.167,-0.036,20.324,36.746,12.236,44.937,0.067,-8.19,12.17,25.697,1.187,51.88,7.01,-26.183,-5.823,14.734000000000002,5.231258732711606,19.177,6.936015198893794,26.147,8.441751946638295
12,02_13,Diels-Alder,24.612,24.9,-0.288,62.319,60.92,1.399,-37.708,-36.03,-1.678,32.119,7.219,60.217,-0.703,-28.097,7.933,31.578,6.678,66.62,5.7,-35.042,0.988,23.18,-1.72,54.935,-5.985,-31.754,4.276,24.927,0.027,58.888,-2.032,-33.961,2.069,32.086,7.186,50.616,-10.304,-18.529,17.501,36.149,11.249,62.796,1.876,-26.647,9.383,26.166,1.266,67.204,6.284,-41.038,-5.008,12.969000000000001,4.699220830171135,16.587999999999994,5.635337534256488,22.508999999999997,7.0860335066342195
13,02_14,Diels-Alder,21.993,21.97,0.023,62.14,60.48,1.66,-40.147,-38.51,-1.637,30.139,8.169,60.111,-0.369,-29.972,8.538,29.14,7.17,66.717,6.237,-37.577,0.933,20.711,-1.259,54.646,-5.834,-33.936,4.574,23.011,1.041,58.589,-1.891,-35.578,2.932,30.428,8.458,50.355,-10.125,-19.927,18.583,34.242,12.272,62.666,2.186,-28.424,10.086,23.524,1.554,67.049,6.569,-43.524,-5.014,13.530999999999999,4.931799410820703,16.69400000000001,5.726410155399032,23.597,7.445852439685562
14,02_15,Diels-Alder,25.01,25.29,-0.28,62.266,60.68,1.586,-37.256,-35.39,-1.866,34.259,8.969,59.048,-1.632,-24.789,10.601,32.43,7.14,65.945,5.265,-33.515,1.875,22.554,-2.736,52.475,-8.205,-29.921,5.469,26.125,0.835,57.237,-3.443,-31.112,4.278,34.707,9.417,48.614,-12.066,-13.908,21.482,38.769,13.479,61.835,1.155,-23.066,12.324,26.639,1.349,67.055,6.375,-40.416,-5.026,16.215,5.72862202173063,18.44100000000001,6.37640093150405,26.507999999999996,8.488668134426542
15,02_16,Diels-Alder,24.292,23.43,0.862,54.942,53.32,1.622,-30.651,-29.89,-0.761,28.768,5.338,51.291,-2.029,-22.523,7.367,30.457,7.027,58.29,4.97,-27.833,2.057,21.542,-1.888,44.997,-8.323,-23.455,6.435,21.026,-2.404,49.54,-3.78,-28.513,1.377,27.597,4.167,40.839,-12.481,-13.242,16.648,31.863,8.433,53.141,-0.179,-21.278,8.612,25.456,2.026,59.472,6.152,-34.016,-4.126,10.837,3.984859575855304,18.633000000000003,6.369520861100936,20.773999999999997,6.479970534269427
16,02_17,Diels-Alder,15.808,15.27,0.538,60.708,59.46,1.248,-44.9,-44.18,-0.72,20.084,4.814,58.754,-0.706,-38.67,5.51,21.7,6.43,65.048,5.588,-43.348,0.832,13.799,-1.471,53.878,-5.582,-40.079,4.101,12.504,-2.766,58.19,-1.27,-45.686,-1.506,18.94,3.67,49.383,-10.077,-30.442,13.738,23.133,7.863,61.364,1.904,-38.231,5.949,16.841,1.571,65.539,6.079,-48.697,-4.517,10.629,3.762400390233417,16.156,5.440423591701555,18.255000000000003,5.692282041438715
17,02_18,Diels-Alder,20.336,19.86,0.476,71.914,70.4,1.514,-51.578,-50.54,-1.038,24.219,4.359,69.399,-1.001,-45.18,5.36,26.145,6.285,76.377,5.977,-50.232,0.308,18.936,-0.924,65.126,-5.274,-46.19,4.35,17.347,-2.513,68.729,-1.671,-51.382,-0.842,22.767,2.907,59.703,-10.697,-36.936,13.604,27.437,7.577,72.647,2.247,-45.209,5.331,21.342,1.482,77.081,6.681,-55.739,-5.199,10.09,3.4988800019230646,17.378,5.77084235000155,18.802999999999997,5.735134392496831
18,02_19,Diels-Alder,24.41,22.04,2.37,61.951,59.33,2.621,-37.542,-37.29,-0.252,28.776,6.736,59.177,-0.153,-30.401,6.889,30.746,8.706,65.544,6.214,-34.798,2.492,17.118,-4.922,48.043,-11.287,-30.925,6.365,19.889,-2.151,55.91,-3.42,-36.022,1.268,26.26,4.22,47.664,-11.666,-21.404,15.886,31.775,9.735,61.327,1.997,-29.552,7.738,25.953,3.913,66.808,7.478,-40.855,-3.565,14.657,5.088264577507177,19.144000000000005,7.291539441611177,19.450999999999997,5.992025031835469
19,02_20,Diels-Alder,21.049,19.1,1.949,59.948,56.89,3.058,-38.899,-37.79,-1.109,25.664,6.564,58.38,1.49,-32.716,5.074,27.754,8.654,64.457,7.567,-36.703,1.087,16.915,-2.185,49.281,-7.609,-32.366,5.424,17.533,-1.567,55.677,-1.213,-38.144,-0.354,23.822,4.722,47.819,-9.071,-23.997,13.793,28.839,9.739,60.742,3.852,-31.903,5.887,22.373,3.273,64.691,7.801,-42.319,-4.529,11.924,4.400998845635581,16.872,6.3455416956091515,18.322000000000003,5.647716490190653
20,02_21,Diels-Alder,12.854,12.4,0.454,63.472,62.14,1.332,-50.618,-49.74,-0.878,15.722,3.322,61.625,-0.515,-45.904,3.836,17.866,5.466,68.732,6.592,-50.866,-1.126,11.394,-1.006,56.562,-5.578,-45.168,4.572,8.417,-3.983,60.795,-1.345,-52.378,-2.638,14.114,1.714,52.371,-9.769,-38.257,11.483,18.068,5.668,64.568,2.428,-46.5,3.24,13.639,1.239,68.781,6.641,-55.142,-5.402,9.651000000000002,3.2486686833664216,16.410000000000004,5.654867985070158,16.885000000000005,5.27454372942072
21,02_22,Diels-Alder,8.631,8.83,-0.199,70.489,68.85,1.639,-61.858,-60.01,-1.848,10.001,1.171,69.627,0.777,-59.626,0.384,12.451,3.621,75.161,6.311,-62.71,-2.7,6.645,-2.185,66.513,-2.337,-59.868,0.142,3.637,-5.193,70.228,1.378,-66.591,-6.581,8.164,-0.666,62.191,-6.659,-54.027,5.983,12.302,3.472,72.825,3.975,-60.523,-0.513,9.092,0.262,75.623,6.773,-66.53,-6.52,8.814,2.8987911242693665,13.432000000000002,4.454886608706059,12.563999999999993,4.066906368569883
22,02_23,Diels-Alder,25.276,24.81,0.466,58.379,57.02,1.359,-33.103,-32.21,-0.893,30.542,5.732,57.042,0.022,-26.5,5.71,31.667,6.857,63.817,6.797,-32.151,0.059,23.238,-1.572,51.933,-5.087,-28.695,3.515,22.158,-2.652,55.995,-1.025,-33.837,-1.627,29.345,4.535,48.405,-8.615,-19.06,13.15,33.808,8.998,59.459,2.439,-25.651,6.559,26.51,1.7,63.521,6.501,-37.011,-4.801,11.649999999999999,4.1684432517256536,15.411999999999999,5.300809976853942,17.951000000000004,5.71577413829483
23,02_24,Diels-Alder,26.57,26.62,-0.05,75.148,73.95,1.198,-48.578,-47.33,-1.248,32.175,5.555,73.817,-0.133,-41.642,5.688,31.945,5.325,79.71,5.76,-47.765,-0.435,25.442,-1.178,70.716,-3.234,-45.273,2.057,24.988,-1.632,73.682,-0.268,-48.694,-1.364,31.367,4.747,65.309,-8.641,-33.942,13.388,36.445,9.825,77.239,3.289,-40.794,6.536,27.921,1.301,80.183,6.233,-52.262,-4.932,11.457,4.011858526828397,14.87400000000001,4.8885662812029365,18.32,5.831102193043293
24,02_25,Diels-Alder,23.555,23.55,0.005,56.264,54.52,1.744,-32.709,-30.97,-1.739,29.64,6.09,54.947,0.427,-25.307,5.663,29.766,6.216,61.129,6.609,-31.363,-0.393,22.487,-1.063,48.477,-6.043,-25.99,4.98,22.015,-1.535,52.919,-1.601,-30.903,0.067,29.235,5.685,45.822,-8.698,-16.587,14.383,33.718,10.168,56.906,2.386,-23.189,7.781,24.858,1.308,61.099,6.579,-36.242,-5.272,11.703000000000003,4.248609915523631,15.306999999999995,5.482038018774195,19.654999999999998,6.258383514477657
25,02_26,Diels-Alder,27.918,27.83,0.088,49.488,47.79,1.698,-21.569,-19.96,-1.609,35.112,7.282,47.598,-0.192,-12.486,7.474,34.667,6.837,54.132,6.342,-19.465,0.495,27.339,-0.491,41.515,-6.275,-14.176,5.784,27.367,-0.463,45.946,-1.844,-18.579,1.381,35.025,7.195,38.573,-9.217,-3.548,16.412,39.326,11.496,49.431,1.641,-10.104,9.856,29.207,1.377,54.035,6.245,-24.828,-4.868,11.987000000000002,4.5868029151188585,15.558999999999997,5.506388335379189,21.28,6.8845463578634885
26,02_27,Diels-Alder,29.482,29.6,-0.118,51.793,50.22,1.573,-22.311,-20.62,-1.691,36.782,7.182,49.513,-0.707,-12.731,7.889,36.303,6.703,56.337,6.117,-20.033,0.587,28.633,-0.967,43.508,-6.712,-14.875,5.745,28.796,-0.804,47.86,-2.36,-19.064,1.556,36.595,6.995,40.083,-10.137,-3.488,17.132,41.043,11.443,51.598,1.378,-10.554,10.066,30.798,1.198,56.405,6.185,-25.607,-4.987,12.41,4.695610594708941,16.322000000000003,5.747127765551365,22.119,7.130241980215578
27,02_28,Diels-Alder,24.09,21.69,2.4,39.761,38.32,1.441,-15.671,-16.63,0.959,28.153,6.463,36.633,-1.687,-8.48,8.15,28.806,7.116,43.185,4.865,-14.379,2.251,23.697,2.007,30.733,-7.587,-7.035,9.595,21.072,-0.618,35.253,-3.067,-14.18,2.45,27.726,6.036,27.52,-10.8,0.206,16.836,30.62,8.93,38.258,-0.062,-7.638,8.992,24.301,2.611,43.986,5.666,-19.685,-3.055,9.548000000000002,3.2277631988510476,16.465999999999998,5.7138955047573035,19.891,6.2969917023925
28,02_29,Diels-Alder,3.029,1.65,1.379,35.651,35.57,0.081,-32.621,-33.92,1.299,13.731,12.081,33.708,-1.862,-19.977,13.943,9.513,7.863,39.213,3.643,-29.701,4.219,1.681,0.031,31.623,-3.947,-29.942,3.978,6.59,4.94,32.876,-2.694,-26.286,7.634,16.092,14.442,27.133,-8.437,-11.042,22.878,18.427,16.777,35.303,-0.267,-16.875,17.045,3.472,1.822,39.65,4.08,-36.179,-2.259,16.746,6.4071615163369,12.517,4.07834185274569,25.137,8.589346764410303
29,02_30,Diels-Alder,9.101,7.98,1.121,54.36,55.02,-0.66,-45.259,-47.04,1.781,18.767,10.787,51.261,-3.759,-32.494,14.546,15.094,7.114,56.69,1.67,-41.597,5.443,7.402,-0.578,54.422,-0.598,-47.02,0.02,12.273,4.293,53.926,-1.094,-41.653,5.387,20.211,12.231,45.955,-9.065,-25.744,21.296,23.77,15.79,51.993,-3.027,-28.222,18.818,9.955,1.975,58.336,3.316,-48.381,-1.341,16.368,5.882356960497575,12.381,3.768396682087944,22.637,8.776300908860017
30,02_31,Diels-Alder,15.912,15.12,0.792,35.572,36.68,-1.108,-19.659,-21.56,1.901,28.33,13.21,31.026,-5.654,-2.695,18.865,23.365,8.245,36.721,0.041,-13.357,8.203,15.636,0.516,35.195,-1.485,-19.559,2.001,22.015,6.895,34.803,-1.877,-12.788,8.772,30.297,15.177,25.497,-11.183,4.8,26.36,33.709,18.589,30.499,-6.181,3.21,24.77,16.861,1.741,38.934,2.254,-22.073,-0.513,18.073000000000004,6.959395990570693,13.436999999999998,4.2750818684725616,26.873,10.66245267197669
31,02_32,Diels-Alder,7.952,6.61,1.342,53.506,54.79,-1.284,-45.554,-48.18,2.626,17.356,10.746,50.636,-4.154,-33.28,14.9,14.082,7.472,56.056,1.266,-41.974,6.206,6.542,-0.068,49.908,-4.882,-43.366,4.814,11.152,4.542,51.29,-3.5,-40.138,8.042,19.074,12.464,43.418,-11.372,-24.343,23.837,22.135,15.525,51.965,-2.825,-29.83,18.35,9.141,2.531,57.692,2.902,-48.551,-0.371,15.593000000000002,5.663267223331171,14.274000000000001,4.3296125672100105,24.208000000000002,8.383086543749862
32,02_33,Diels-Alder,13.023,11.62,1.403,54.851,53.25,1.601,-41.828,-41.63,-0.198,16.612,4.992,52.166,-1.084,-35.554,6.076,17.553,5.933,58.541,5.291,-40.988,0.642,10.37,-1.25,43.49,-9.76,-33.12,8.51,11.818,0.198,50.394,-2.856,-38.576,3.054,15.614,3.994,40.893,-12.357,-25.28,16.35,19.49,7.87,55.188,1.938,-35.698,5.932,13.961,2.341,59.385,6.135,-45.424,-3.794,9.12,3.0682641177754846,18.491999999999997,6.696030103192274,20.144,6.197151672917394
33,02_34,Diels-Alder,17.619,18.28,-0.661,31.389,30.48,0.909,-13.769,-12.21,-1.559,21.42,3.14,28.641,-1.839,-7.22,4.99,20.619,2.339,32.5,2.02,-11.881,0.329,17.597,-0.683,25.493,-4.987,-7.896,4.314,18.436,0.156,27.722,-2.758,-9.286,2.924,21.955,3.675,22.736,-7.744,-0.781,11.429,24.16,5.88,29.689,-0.791,-5.529,6.681,18.231,-0.049,33.454,2.974,-15.223,-3.013,6.562999999999999,2.406718034259221,10.718,3.616458330624433,14.442,4.687621036532588
34,02_35,Diels-Alder,15.866,16.53,-0.664,30.52,29.81,0.71,-14.654,-13.28,-1.374,19.201,2.671,28.176,-1.634,-8.975,4.305,18.73,2.2,31.684,1.874,-12.954,0.326,15.637,-0.893,24.416,-5.394,-8.78,4.5,16.419,-0.111,27.513,-2.297,-11.094,2.186,19.419,2.889,22.207,-7.603,-2.788,10.492,21.714,5.184,29.046,-0.764,-7.332,5.948,16.303,-0.227,32.421,2.611,-16.118,-2.838,6.076999999999998,2.1790090432841906,10.213999999999999,3.5201892577976945,13.329999999999998,4.305725538247217
35,02_36,Diels-Alder,15.027,15.49,-0.463,34.578,33.65,0.928,-19.551,-18.16,-1.391,17.258,1.768,31.889,-1.761,-14.631,3.529,17.297,1.807,35.338,1.688,-18.04,0.12,13.359,-2.131,28.734,-4.916,-15.375,2.785,14.466,-1.024,31.476,-2.174,-17.009,1.151,16.645,1.155,25.765,-7.885,-9.12,9.04,19.33,3.84,32.696,-0.954,-13.365,4.795,15.421,-0.069,36.523,2.873,-21.102,-2.942,5.970999999999998,1.9010938157883135,10.758000000000003,3.554361523436483,11.982000000000001,3.786393702173236
36,02_37,Diels-Alder,16.574,17.0,-0.426,35.579,34.43,1.149,-19.005,-17.43,-1.575,19.059,2.059,31.886,-2.544,-12.827,4.603,19.052,2.052,36.112,1.682,-17.06,0.37,15.047,-1.953,29.862,-4.568,-14.815,2.615,16.161,-0.839,31.393,-3.037,-15.231,2.199,18.644,1.644,25.577,-8.853,-6.933,10.497,21.25,4.25,32.746,-1.684,-11.496,5.934,17.18,0.18,37.641,3.211,-20.461,-3.031,6.202999999999999,1.995711146970637,12.063999999999997,3.8808577476046264,13.527999999999999,4.337222086609287
37,02_38,Diels-Alder,24.158,22.73,1.428,37.476,36.09,1.386,-13.319,-13.36,0.041,28.401,5.671,36.315,0.225,-7.914,5.446,29.841,7.111,40.567,4.477,-10.726,2.634,18.469,-4.261,29.655,-6.435,-11.186,2.174,21.033,-1.697,35.78,-0.31,-14.747,-1.387,26.342,3.612,27.937,-8.153,-1.594,11.766,33.798,11.068,39.253,3.163,-5.456,7.904,25.108,2.378,41.179,5.089,-16.071,-2.711,15.329,4.883342173728387,13.242,4.867610934974745,14.477000000000002,4.897118392848128
38,02_39,Diels-Alder,39.272,37.42,1.852,40.965,39.32,1.645,-1.693,-1.9,0.207,42.378,4.958,39.009,-0.311,3.369,5.269,44.129,6.709,43.639,4.319,0.49,2.39,32.144,-5.276,30.8,-8.52,1.344,3.244,33.515,-3.905,36.798,-2.522,-3.283,-1.383,39.572,2.152,30.231,-9.089,9.341,11.241,47.953,10.533,41.915,2.595,6.038,7.938,39.803,2.383,44.341,5.021,-4.538,-2.638,15.809000000000005,5.213818555394063,14.11,5.465161055004954,13.879,4.721281999021634
39,02_40,Diels-Alder,14.032,14.26,-0.228,28.091,27.77,0.321,-14.06,-13.51,-0.55,26.033,11.773,24.569,-3.201,1.463,14.973,21.728,7.468,30.064,2.294,-8.337,5.173,11.819,-2.441,19.801,-7.969,-7.982,5.528,18.67,4.41,22.706,-5.064,-4.035,9.475,28.693,14.433,16.163,-11.607,12.529,26.039,28.601,14.341,26.56,-1.21,2.041,15.551,14.973,0.713,31.561,3.791,-16.588,-3.078,16.874000000000002,6.718070108456955,15.398,5.226575796214136,29.117,9.507684733001135
40,02_41,Diels-Alder,29.143,28.06,1.083,32.324,31.78,0.544,-3.181,-3.72,0.539,40.668,12.608,28.453,-3.327,12.215,15.935,37.224,9.164,34.982,3.202,2.242,5.962,27.907,-0.153,23.08,-8.7,4.827,8.547,33.554,5.494,25.604,-6.176,7.95,11.67,42.679,14.619,19.712,-12.068,22.967,26.687,43.54,15.48,31.565,-0.215,11.976,15.696,29.858,1.798,36.036,4.256,-6.178,-2.458,15.633,6.318941795167469,16.324,5.807086163842046,29.145,9.344300688502209
41,02_42,Diels-Alder,8.67,8.58,0.09,48.844,47.74,1.104,-40.175,-39.15,-1.025,18.601,10.021,47.296,-0.444,-28.695,10.455,15.946,7.366,52.988,5.248,-37.043,2.107,8.113,-0.467,42.176,-5.564,-34.063,5.087,11.257,2.677,46.899,-0.841,-35.642,3.508,20.151,11.571,39.851,-7.889,-19.7,19.45,22.359,13.779,48.824,1.084,-26.465,12.685,10.276,1.696,52.861,5.121,-42.585,-3.435,14.246000000000002,5.551055908242015,13.137,4.623916952340607,22.885,7.615033570885573
42,02_43,Diels-Alder,16.905,16.35,0.555,50.296,48.76,1.536,-33.39,-32.41,-0.98,26.699,10.349,48.636,-0.124,-21.936,10.474,24.381,8.031,54.879,6.119,-30.498,1.912,16.781,0.431,43.729,-5.031,-26.949,5.461,19.203,2.853,47.847,-0.913,-28.644,3.766,27.438,11.088,40.336,-8.424,-12.898,19.512,30.912,14.562,50.471,1.711,-19.559,12.851,18.729,2.379,54.725,5.965,-35.996,-3.586,14.131,5.415318194054449,14.543,5.0049389160679505,23.098000000000003,7.670754530776525
43,02_44,Diels-Alder,16.872,16.64,0.232,54.227,53.18,1.047,-37.354,-36.54,-0.814,25.308,8.668,52.161,-1.019,-26.853,9.687,23.498,6.858,58.123,4.943,-34.624,1.916,15.462,-1.178,47.544,-5.636,-32.082,4.458,17.782,1.142,51.071,-2.109,-33.289,3.251,25.428,8.788,43.555,-9.625,-18.128,18.412,29.356,12.716,54.858,1.678,-25.503,11.037,18.428,1.788,58.499,5.319,-40.071,-3.531,13.894000000000002,5.02526587072053,14.944000000000003,5.111339850902948,21.942999999999998,7.124423064361071
44,02_45,Diels-Alder,16.662,16.98,-0.318,60.759,59.46,1.299,-44.097,-42.48,-1.617,23.254,6.274,59.304,-0.156,-36.05,6.43,22.058,5.078,65.091,5.631,-43.033,-0.553,15.53,-1.45,56.24,-3.22,-40.711,1.769,15.765,-1.215,60.423,0.963,-44.658,-2.178,23.335,6.355,51.787,-7.673,-28.452,14.028,26.441,9.461,61.192,1.732,-34.751,7.729,18.196,1.216,65.225,5.765,-47.028,-4.548,10.911,4.132672274086103,13.437999999999995,4.431544552974728,18.575999999999997,6.2553351172076646
45,02_46,Diels-Alder,26.381,26.48,-0.099,53.135,51.36,1.775,-26.754,-24.88,-1.874,35.087,8.607,50.623,-0.737,-15.536,9.344,33.449,6.969,57.567,6.207,-24.118,0.762,25.595,-0.885,44.43,-6.93,-18.835,6.045,26.472,-0.008,48.808,-2.552,-22.335,2.545,34.932,8.452,40.72,-10.64,-5.787,19.093,39.489,13.009,52.644,1.284,-13.155,11.725,27.818,1.338,57.9,6.54,-30.082,-5.202,13.893999999999998,5.226512670646515,17.18,5.990426909125211,24.295,7.9136230053894145
46,02_47,Diels-Alder,-2.434,-1.34,-1.094,88.928,88.51,0.418,-91.362,-89.85,-1.512,3.862,5.202,85.994,-2.516,-82.132,7.718,0.839,2.179,91.161,2.651,-90.322,-0.472,-3.216,-1.876,89.522,1.012,-92.738,-2.888,0.721,2.061,90.216,1.706,-89.495,0.355,5.005,6.345,79.076,-9.434,-74.071,15.779,6.105,7.445,87.767,-0.743,-81.662,8.188,-1.733,-0.393,94.207,5.697,-95.94,-6.09,9.321000000000002,3.530826125002476,15.131,4.460827355595437,21.869,7.251758855615649
47,02_48,Diels-Alder,0.37,1.98,-1.61,88.169,86.44,1.729,-87.8,-84.47,-3.33,8.03,6.05,84.729,-1.711,-76.699,7.771,5.228,3.248,91.054,4.614,-85.825,-1.355,-0.245,-2.225,84.009,-2.431,-84.254,0.216,3.859,1.879,86.601,0.161,-82.742,1.728,9.142,7.162,75.539,-10.901,-66.397,18.073,10.331,8.351,87.126,0.686,-76.795,7.675,1.188,-0.792,93.45,7.01,-92.262,-7.792,10.575999999999999,4.123782640714365,17.911,5.365169493727908,25.864999999999995,8.076028899509602
48,02_49,Diels-Alder,13.068,13.95,-0.882,49.243,47.2,2.043,-36.175,-33.24,-2.935,25.751,11.801,47.144,-0.056,-21.392,11.848,21.576,7.626,53.709,6.509,-32.133,1.107,10.602,-3.348,38.544,-8.656,-27.942,5.298,16.621,2.671,45.309,-1.891,-28.688,4.552,26.697,12.747,37.276,-9.924,-10.579,22.661,29.844,15.894,48.769,1.569,-18.924,14.316,14.644,0.694,53.997,6.797,-39.353,-6.113,19.242,7.1074631386914096,16.720999999999997,6.217083823454301,28.774,9.510141109813851
49,02_50,[3+2]cycloaddition,18.206,18.44,-0.234,37.058,35.48,1.578,-18.852,-17.04,-1.812,22.885,4.445,34.264,-1.216,-11.379,5.661,23.996,5.556,38.868,3.388,-14.872,2.168,18.541,0.101,30.434,-5.046,-11.892,5.148,18.226,-0.214,33.585,-1.895,-15.359,1.681,23.376,4.936,26.86,-8.62,-3.484,13.556,26.074,7.634,38.596,3.116,-12.522,4.518,18.941,0.501,40.173,4.693,-21.232,-4.192,7.868000000000002,3.1413774020551655,13.313000000000002,4.606463308687665,17.747999999999998,5.369360563153015
50,02_51,[3+2]cycloaddition,-3.951,-1.95,-2.001,24.129,24.26,-0.131,-28.08,-26.21,-1.87,2.933,4.883,22.956,-1.304,-20.023,6.187,1.92,3.87,25.719,1.459,-23.798,2.412,-2.947,-0.997,18.117,-6.143,-21.064,5.146,-0.126,1.824,23.559,-0.701,-23.685,2.525,6.901,8.851,18.261,-5.999,-11.359,14.851,6.843,8.793,28.573,4.313,-21.73,4.48,-2.877,-0.927,27.519,3.259,-30.396,-4.186,10.852,4.307385716915275,10.456,3.8516004627946545,19.037,5.7256611954428465
51,02_52,[3+2]cycloaddition,11.748,12.39,-0.642,38.817,36.11,2.707,-27.069,-23.72,-3.349,19.563,7.173,36.608,0.498,-17.045,6.675,16.668,4.278,40.705,4.595,-24.037,-0.317,12.123,-0.267,30.075,-6.035,-17.952,5.768,15.095,2.705,34.383,-1.727,-19.288,4.432,22.071,9.681,28.248,-7.862,-6.178,17.542,24.342,11.952,41.773,5.663,-17.431,6.289,12.235,-0.155,41.881,5.771,-29.646,-5.926,12.594,4.831763621746056,13.633,5.259680510394959,23.468,7.271912692977392
52,02_53,[3+2]cycloaddition,8.055,10.45,-2.395,37.194,35.89,1.304,-29.139,-25.44,-3.699,17.874,7.424,35.571,-0.319,-17.697,7.743,14.673,4.223,39.758,3.868,-25.085,0.355,10.251,-0.199,29.03,-6.86,-18.778,6.662,14.333,3.883,33.457,-2.433,-19.124,6.316,21.679,11.229,27.8,-8.09,-6.121,19.319,21.94,11.49,39.655,3.765,-17.715,7.725,8.673,-1.777,40.232,4.342,-31.559,-6.119,13.885000000000002,5.498132533610194,12.431999999999999,4.866409836463486,25.438000000000002,7.973150672278629
53,02_54,[3+2]cycloaddition,-1.875,-0.12,-1.755,26.83,26.38,0.45,-28.706,-26.5,-2.206,4.607,4.727,24.963,-1.417,-20.355,6.145,2.773,2.893,26.982,0.602,-24.21,2.29,-0.462,-0.342,21.364,-5.016,-21.826,4.674,2.928,3.048,24.466,-1.914,-21.539,4.961,9.953,10.073,19.507,-6.873,-9.554,16.946,6.601,6.721,28.264,1.884,-21.663,4.837,-1.98,-1.86,28.68,2.3,-30.661,-4.161,11.933,4.212861478767811,9.172999999999998,3.273573800691138,21.107,6.347583786652322
54,02_55,[3+2]cycloaddition,13.259,12.65,0.609,56.236,52.78,3.456,-42.977,-40.12,-2.857,17.22,4.57,54.994,2.214,-37.774,2.346,16.718,4.068,59.675,6.895,-42.958,-2.838,11.506,-1.144,48.086,-4.694,-36.58,3.54,14.289,1.639,53.817,1.037,-39.528,0.592,17.331,4.681,45.29,-7.49,-27.959,12.161,21.39,8.74,59.803,7.023,-38.413,1.707,14.118,1.468,60.201,7.421,-46.083,-5.963,9.884,3.080307889875389,14.911000000000001,5.561850302346718,18.124,5.4971218963069335
55,02_56,[3+2]cycloaddition,12.058,11.6,0.458,96.305,91.82,4.485,-84.247,-80.21,-4.037,15.576,3.976,94.548,2.728,-78.972,1.238,14.981,3.381,99.467,7.647,-84.486,-4.276,10.598,-1.002,90.742,-1.078,-80.144,0.066,12.791,1.191,96.006,4.186,-83.216,-3.006,15.73,4.13,84.691,-7.129,-68.962,11.248,19.937,8.337,99.127,7.307,-79.19,1.02,12.886,1.286,100.316,8.496,-87.43,-7.22,9.339,2.901166511077915,15.625,5.2425577658783515,18.468000000000004,5.628460825825933
56,02_57,[3+2]cycloaddition,8.772,8.1,0.672,90.129,84.96,5.169,-81.358,-76.87,-4.488,14.408,6.308,88.599,3.639,-74.191,2.679,12.608,4.508,93.428,8.468,-80.82,-3.95,8.254,0.154,82.882,-2.078,-74.628,2.242,11.504,3.404,89.101,4.141,-77.597,-0.727,15.774,7.674,78.836,-6.124,-63.062,13.808,19.046,10.946,93.306,8.346,-74.26,2.61,9.8,1.7,94.463,9.503,-84.663,-7.793,10.792,3.730691079219965,15.626999999999995,5.476944664422203,21.601,6.5930856192031095
57,02_58,[3+2]cycloaddition,16.351,15.43,0.921,71.503,68.29,3.213,-55.152,-52.86,-2.292,20.157,4.727,69.761,1.471,-49.604,3.256,19.763,4.333,73.86,5.57,-54.097,-1.237,14.794,-0.636,64.081,-4.209,-49.287,3.573,17.038,1.608,69.475,1.185,-52.438,0.422,20.359,4.929,59.974,-8.316,-39.615,13.245,24.851,9.421,74.368,6.078,-49.517,3.343,17.374,1.944,75.041,6.751,-57.667,-4.807,10.056999999999999,3.139321147614105,15.067,5.305909116595517,18.052,5.477218126997891
58,02_59,[3+2]cycloaddition,16.07,15.3,0.77,71.039,67.99,3.049,-54.969,-52.69,-2.279,20.117,4.817,69.119,1.129,-49.002,3.688,19.469,4.169,73.253,5.263,-53.784,-1.094,14.302,-0.998,63.308,-4.682,-49.006,3.684,16.959,1.659,68.825,0.835,-51.866,0.824,20.415,5.115,59.275,-8.715,-38.86,13.83,24.783,9.483,73.688,5.698,-48.906,3.784,17.069,1.769,74.533,6.543,-57.464,-4.774,10.481000000000002,3.2617321866061992,15.258000000000003,5.368173911383382,18.604,5.652101870417007
59,02_60,[3+2]cycloaddition,5.996,5.93,0.066,91.488,86.94,4.548,-85.492,-81.0,-4.492,11.443,5.513,89.129,2.189,-77.686,3.314,9.41,3.48,94.385,7.445,-84.974,-3.974,4.217,-1.713,85.611,-1.329,-81.394,-0.394,8.752,2.822,91.008,4.068,-82.256,-1.256,12.454,6.524,78.78,-8.16,-66.326,14.674,15.712,9.782,93.33,6.39,-77.619,3.381,6.886,0.956,95.537,8.597,-88.651,-7.651,11.495000000000001,3.7515597042144635,16.757000000000005,5.477865668827074,22.325000000000003,6.890568559373646
60,02_61,[3+2]cycloaddition,-0.232,0.41,-0.642,54.993,56.6,-1.607,-55.225,-56.19,0.965,6.189,5.779,51.184,-5.416,-44.995,11.195,3.224,2.814,56.845,0.245,-53.62,2.57,-1.191,-1.601,46.368,-10.232,-47.559,8.631,3.704,3.294,52.413,-4.187,-48.709,7.481,7.511,7.101,41.488,-15.112,-33.977,22.213,7.678,7.268,52.513,-4.087,-44.835,11.355,0.744,0.334,59.033,2.433,-58.289,-2.099,8.869,3.472417187637453,17.545,5.670062406749027,24.312000000000005,7.604042880270995
61,02_62,[3+2]cycloaddition,3.897,3.87,0.027,57.312,58.42,-1.108,-53.415,-54.55,1.135,10.933,7.063,54.314,-4.106,-43.38,11.17,7.95,4.08,59.86,1.44,-51.91,2.64,3.162,-0.708,49.109,-9.311,-45.947,8.603,7.817,3.947,55.137,-3.283,-47.32,7.23,12.314,8.444,44.672,-13.748,-32.358,22.192,13.193,9.323,56.442,-1.978,-43.25,11.3,5.0,1.13,61.436,3.016,-56.435,-1.885,10.030999999999999,3.8442597559775495,16.764000000000003,5.528604751652988,24.077000000000005,7.526650695789501
62,02_63,[3+2]cycloaddition,17.198,16.87,0.328,41.327,41.5,-0.173,-24.13,-24.63,0.5,19.683,2.813,38.918,-2.582,-19.235,5.395,20.129,3.259,44.32,2.82,-24.19,0.44,17.134,0.264,34.62,-6.88,-17.486,7.144,16.279,-0.591,39.862,-1.638,-23.583,1.047,19.027,2.157,30.896,-10.604,-11.87,12.76,21.27,4.4,40.476,-1.024,-19.206,5.424,17.641,0.771,44.98,3.48,-27.339,-2.709,4.991,1.7410731860796993,14.083999999999996,4.71806768671546,15.469,4.909918923901465
63,02_64,[3+2]cycloaddition,5.92,5.38,0.54,50.43,50.91,-0.48,-44.51,-45.54,1.03,8.58,3.2,47.251,-3.659,-38.672,6.868,9.092,3.712,52.729,1.819,-43.636,1.904,4.762,-0.618,42.403,-8.507,-37.641,7.899,5.333,-0.047,48.424,-2.486,-43.091,2.449,8.054,2.674,38.189,-12.721,-30.134,15.406,10.115,4.735,49.106,-1.804,-38.99,6.55,6.552,1.172,54.356,3.446,-47.804,-2.264,5.353000000000001,1.931573525836976,16.167,5.319219223049295,17.67,5.440552145036123
64,02_65,[3+2]cycloaddition,8.044,8.08,-0.036,55.654,56.87,-1.216,-47.61,-48.79,1.18,10.746,2.666,52.66,-4.21,-41.914,6.876,11.734,3.654,57.908,1.038,-46.173,2.617,7.221,-0.859,47.484,-9.386,-40.262,8.528,7.778,-0.302,53.743,-3.127,-45.965,2.825,10.431,2.351,43.219,-13.651,-32.787,16.003,12.009,3.929,54.331,-2.539,-42.322,6.468,8.859,0.779,59.667,2.797,-50.808,-2.018,4.788,1.8635831653794566,16.448,5.399193742720164,18.021,5.511974638068855
65,02_66,[3+2]cycloaddition,5.84,6.79,-0.95,54.0,55.77,-1.77,-48.16,-48.98,0.82,9.745,2.955,49.84,-5.93,-40.095,8.885,9.109,2.319,55.314,-0.456,-46.206,2.774,4.872,-1.918,46.037,-9.733,-41.165,7.815,7.594,0.804,51.74,-4.03,-44.146,4.834,9.892,3.102,40.433,-15.337,-30.541,18.439,10.746,3.956,50.84,-4.93,-40.094,8.886,6.759,-0.031,57.997,2.227,-51.239,-2.259,5.8740000000000006,2.121697631446506,17.564,5.5339951065469615,20.697999999999997,6.3345264283471545
66,02_67,[3+2]cycloaddition,6.788,6.93,-0.142,36.822,34.09,2.732,-30.034,-27.16,-2.874,14.254,7.324,31.819,-2.271,-17.565,9.595,12.773,5.843,37.424,3.334,-24.651,2.509,2.325,-4.605,22.656,-11.434,-20.331,6.829,11.211,4.281,29.91,-4.18,-18.699,8.461,14.287,7.357,20.129,-13.961,-5.842,21.318,18.084,11.154,35.077,0.987,-16.993,10.167,7.844,0.914,40.016,5.926,-32.172,-5.012,15.759,5.038386242495847,19.886999999999997,7.155929428253388,26.33,8.304492285805315
67,02_68,[3+2]cycloaddition,8.608,8.7,-0.092,37.773,35.15,2.623,-29.165,-26.45,-2.715,16.711,8.011,32.957,-2.193,-16.246,10.204,14.734,6.034,38.379,3.229,-23.645,2.805,4.694,-4.006,23.894,-11.256,-19.2,7.25,13.595,4.895,30.948,-4.202,-17.354,9.096,16.92,8.22,21.243,-13.907,-4.323,22.127,20.894,12.194,36.588,1.438,-15.694,10.756,9.576,0.876,40.941,5.791,-31.365,-4.915,16.2,5.270430126117385,19.698000000000004,7.0993298665135605,27.041999999999998,8.5470066940755
68,02_69,[3+2]cycloaddition,13.476,13.35,0.126,41.086,38.42,2.666,-27.61,-25.07,-2.54,21.786,8.436,37.361,-1.059,-15.575,9.495,19.324,5.974,42.47,4.05,-23.145,1.925,9.634,-3.716,27.939,-10.481,-18.305,6.765,17.963,4.613,35.453,-2.967,-17.49,7.58,22.082,8.732,25.999,-12.421,-3.917,21.153,26.101,12.751,41.141,2.721,-15.04,10.03,14.469,1.119,44.396,5.976,-29.928,-4.858,16.467,5.361428459375356,18.397000000000002,6.804507349386665,26.011000000000003,8.17910260096686
69,02_70,[3+2]cycloaddition,33.92,33.3,0.62,44.323,41.8,2.523,-10.403,-8.51,-1.893,43.307,10.007,40.619,-1.181,2.688,11.198,40.841,7.541,47.217,5.417,-6.376,2.134,36.284,2.984,36.575,-5.225,-0.291,8.219,38.465,5.165,39.63,-2.17,-1.165,7.345,43.912,10.612,31.919,-9.881,11.993,20.503,48.487,15.187,44.427,2.627,4.06,12.57,34.746,1.446,47.933,6.133,-13.187,-4.677,14.567,5.066868002735305,16.014,5.48864804944845,25.18,8.208485878084598
70,02_71,[3+2]cycloaddition,35.368,34.78,0.588,42.697,40.16,2.537,-7.329,-5.38,-1.949,44.269,9.489,39.85,-0.31,4.419,9.799,41.959,7.179,46.09,5.93,-4.13,1.25,37.02,2.24,33.183,-6.977,3.837,9.217,39.291,4.511,38.093,-2.067,1.198,6.578,44.4,9.62,30.772,-9.388,13.628,19.008,49.46,14.68,43.589,3.429,5.871,11.251,36.199,1.419,46.493,6.333,-10.295,-4.915,14.091999999999999,4.902879671318537,15.721000000000004,5.789337056483363,23.923000000000002,7.8025300372470765
71,02_72,[3+2]cycloaddition,29.424,26.38,3.044,53.668,51.44,2.228,-24.244,-25.06,0.816,30.156,3.776,51.195,-0.245,-21.039,4.021,32.481,6.101,56.913,5.473,-24.432,0.628,28.258,1.878,44.645,-6.795,-16.387,8.673,26.515,0.135,50.08,-1.36,-23.565,1.495,29.213,2.833,41.825,-9.615,-12.612,12.448,33.681,7.301,55.036,3.596,-21.356,3.704,30.006,3.626,57.893,6.453,-27.886,-2.826,7.165999999999997,2.263107329693906,16.067999999999998,5.732255039623211,15.274,4.877283653765251
73,02_74,[3+2]cycloaddition,27.499,27.86,-0.361,27.032,26.23,0.802,0.468,1.63,-1.162,30.032,2.172,23.126,-3.104,6.907,5.277,29.965,2.105,28.012,1.782,1.953,0.323,22.806,-5.054,15.97,-10.26,6.836,5.206,23.924,-3.936,21.575,-4.655,2.348,0.718,28.25,0.39,14.499,-11.731,13.751,12.121,32.606,4.746,24.381,-1.849,8.224,6.594,27.368,-0.492,29.676,3.446,-2.308,-3.938,9.8,3.2339606301163992,15.176999999999998,5.497772625280688,16.058999999999997,5.124596400484349
75,02_76,[3+2]cycloaddition,20.82,20.35,0.47,38.07,37.37,0.7,-17.25,-17.02,-0.23,22.249,1.899,33.753,-3.617,-11.504,5.516,23.97,3.62,38.921,1.551,-14.952,2.068,15.821,-4.529,26.238,-11.132,-10.417,6.603,16.336,-4.014,32.122,-5.248,-15.786,1.234,20.067,-0.283,24.196,-13.174,-4.13,12.89,24.74,4.39,35.533,-1.837,-10.792,6.228,20.757,0.407,41.016,3.646,-20.259,-3.239,8.918999999999999,3.2203188839439045,16.819999999999997,5.996809733695313,16.129,4.99487219198707
77,02_78,[3+2]cycloaddition,19.9,19.13,0.77,39.182,38.27,0.912,-19.282,-19.14,-0.142,22.514,3.384,35.138,-3.132,-12.625,6.515,23.775,4.645,40.186,1.916,-16.411,2.729,14.958,-4.172,27.687,-10.583,-12.729,6.411,16.093,-3.037,33.603,-4.667,-17.511,1.629,20.624,1.494,25.626,-12.644,-5.002,14.138,25.517,6.387,37.168,-1.102,-11.651,7.489,20.114,0.984,42.137,3.867,-22.023,-2.883,10.559,3.597221484801052,16.511,5.895241966135547,17.021,5.304602065322957
79,02_80,[3+2]cycloaddition,29.004,28.38,0.624,42.209,41.25,0.959,-13.205,-12.87,-0.335,31.965,3.585,38.761,-2.489,-6.796,6.074,33.13,4.75,43.731,2.481,-10.601,2.269,24.7,-3.68,31.529,-9.721,-6.83,6.04,26.035,-2.345,37.015,-4.235,-10.98,1.89,30.077,1.697,29.375,-11.875,0.702,13.572,35.223,6.843,41.063,-0.187,-5.84,7.03,29.327,0.947,45.504,4.254,-16.178,-3.308,10.523,3.508431433703672,16.128999999999998,5.740865015396199,16.880000000000003,5.192370529371504
82,02_83,Electrocyclic,16.93,17.65,-0.72,44.672,44.98,-0.308,-27.742,-27.33,-0.412,15.764,-1.886,46.901,1.921,-31.137,-3.807,18.979,1.329,46.953,1.973,-27.973,-0.643,13.324,-4.326,45.395,0.415,-32.071,-4.741,16.104,-1.546,44.718,-0.262,-28.615,-1.285,12.005,-5.645,45.181,0.201,-33.176,-5.846,15.876,-1.774,47.953,2.973,-32.078,-4.748,19.023,1.373,45.105,0.125,-26.083,1.247,7.017999999999999,2.4518435010357873,3.281000000000006,1.2318266053768647,7.0930000000000035,2.5717440962173073
83,02_84,Electrocyclic,27.241,26.68,0.561,51.589,50.51,1.079,-24.348,-23.83,-0.518,28.704,2.024,50.035,-0.475,-21.33,2.5,29.791,3.111,54.214,3.704,-24.423,-0.593,24.985,-1.695,46.317,-4.193,-21.332,2.498,24.116,-2.564,48.169,-2.341,-24.052,-0.222,26.602,-0.078,43.455,-7.055,-16.852,6.978,31.287,4.607,52.197,1.687,-20.91,2.92,28.146,1.466,54.507,3.997,-26.362,-2.532,7.170999999999999,2.3908187479845235,11.052,3.875725072716809,9.509999999999998,2.965968858207574
84,02_85,Electrocyclic,30.946,30.66,0.286,52.669,51.43,1.239,-21.723,-20.78,-0.943,32.694,2.034,51.075,-0.355,-18.381,2.399,33.761,3.101,55.305,3.875,-21.545,-0.765,29.131,-1.529,47.604,-3.826,-18.473,2.307,27.874,-2.786,49.16,-2.27,-21.286,-0.506,30.561,-0.099,44.466,-6.964,-13.905,6.875,35.511,4.851,53.267,1.837,-17.757,3.023,31.783,1.123,55.517,4.087,-23.735,-2.955,7.637000000000004,2.4682592441695785,11.051000000000002,3.8607385465736996,9.83,3.0895384739703204
85,02_86,Electrocyclic,27.519,27.74,-0.221,53.175,52.7,0.475,-25.656,-24.96,-0.696,33.22,5.48,56.036,3.336,-22.816,2.144,31.892,4.152,57.822,5.122,-25.93,-0.97,25.452,-2.288,48.239,-4.461,-22.788,2.172,28.512,0.772,53.825,1.125,-25.313,-0.353,31.975,4.235,50.351,-2.349,-18.376,6.584,36.176,8.436,58.883,6.183,-22.707,2.253,28.607,0.867,56.456,3.756,-27.849,-2.889,10.724,3.496541084210427,10.644000000000005,3.6814837046844517,9.472999999999999,2.9065966321701495
86,02_87,Electrocyclic,30.798,30.73,0.068,54.993,53.65,1.343,-24.196,-22.91,-1.286,34.9,4.17,55.607,1.957,-20.707,2.203,34.496,3.766,58.545,4.895,-24.049,-1.139,29.161,-1.569,50.513,-3.137,-21.352,1.558,29.747,-0.983,53.058,-0.592,-23.311,-0.401,33.063,2.333,49.165,-4.485,-16.102,6.808,37.895,7.165,58.21,4.56,-20.315,2.595,31.635,0.905,57.836,4.186,-26.201,-3.291,8.734000000000002,2.956369416192774,9.380000000000003,3.559637037576404,10.099,3.119032241737812
87,02_88,Electrocyclic,25.656,24.91,0.746,52.402,51.36,1.042,-26.746,-26.45,-0.296,26.541,1.631,51.564,0.204,-25.023,1.427,27.983,3.073,55.535,4.175,-27.552,-1.102,22.92,-1.99,47.296,-4.064,-24.376,2.074,21.769,-3.141,49.617,-1.743,-27.848,-1.398,24.248,-0.662,45.144,-6.216,-20.896,5.554,28.888,3.978,53.926,2.566,-25.037,1.413,26.491,1.581,55.376,4.016,-28.885,-2.435,7.119000000000003,2.445037072462151,10.390999999999998,3.769489696421595,7.989000000000001,2.5337343381713424
88,02_89,Electrocyclic,28.987,28.62,0.367,54.317,52.88,1.437,-25.33,-24.26,-1.07,29.897,1.277,52.948,0.068,-23.051,1.209,31.558,2.938,57.163,4.283,-25.605,-1.345,26.324,-2.296,49.518,-3.362,-23.194,1.066,24.862,-3.758,50.917,-1.963,-26.056,-1.796,27.482,-1.138,46.366,-6.514,-18.883,5.377,32.45,3.83,55.328,2.448,-22.878,1.382,29.863,1.243,57.206,4.326,-27.342,-3.082,7.5880000000000045,2.57854163862887,10.840000000000003,3.8292843396085683,8.459,2.6381668385182055
89,02_90,Electrocyclic,27.889,27.43,0.459,53.333,52.17,1.163,-25.444,-24.74,-0.704,28.98,1.55,52.007,-0.163,-23.027,1.713,30.356,2.926,56.164,3.994,-25.809,-1.069,25.347,-2.083,48.158,-4.012,-22.811,1.929,24.466,-2.964,50.024,-2.146,-25.558,-0.818,26.62,-0.81,45.487,-6.683,-18.866,5.874,31.567,4.137,54.354,2.184,-22.787,1.953,28.721,1.291,56.338,4.168,-27.617,-2.877,7.100999999999999,2.426001634082596,10.850999999999999,3.8648198049844438,8.751000000000001,2.7007042699213533
90,02_91,Electrocyclic,31.222,31.0,0.222,55.943,54.55,1.393,-24.721,-23.55,-1.171,32.608,1.608,54.597,0.047,-21.988,1.562,33.956,2.956,58.797,4.247,-24.841,-1.291,29.188,-1.812,51.208,-3.342,-22.019,1.531,27.875,-3.125,52.522,-2.028,-24.648,-1.098,30.261,-0.739,48.033,-6.517,-17.772,5.778,35.366,4.366,57.001,2.451,-21.635,1.915,32.004,1.004,58.874,4.324,-26.87,-3.32,7.491,2.4648716570471345,10.841000000000001,3.8246522320896794,9.098000000000003,2.8080276631726515
91,02_92,Electrocyclic,24.872,23.66,1.212,54.611,53.48,1.131,-29.739,-29.82,0.081,25.53,1.87,54.731,1.251,-29.201,0.619,27.367,3.707,58.478,4.998,-31.111,-1.291,20.776,-2.884,49.641,-3.839,-28.864,0.956,19.921,-3.739,52.165,-1.315,-32.244,-2.424,22.663,-0.997,48.215,-5.265,-25.552,4.268,27.785,4.125,57.181,3.701,-29.396,0.424,25.864,2.204,57.751,4.271,-31.887,-2.067,7.864000000000001,2.9299931618642785,10.262999999999998,3.7967762241707854,6.692,2.120450070150203
92,02_93,Electrocyclic,29.612,28.69,0.922,56.323,54.95,1.373,-26.711,-26.26,-0.451,30.546,1.856,56.686,1.736,-26.14,0.12,32.195,3.505,59.907,4.957,-27.712,-1.452,26.801,-1.889,51.749,-3.201,-24.948,1.312,25.051,-3.639,53.923,-1.027,-28.872,-2.612,27.624,-1.066,50.148,-4.802,-22.523,3.737,33.068,4.378,59.267,4.317,-26.199,0.061,30.157,1.467,59.158,4.208,-29.001,-2.741,8.017,2.726003655274774,9.758999999999993,3.6455191845606834,6.4780000000000015,2.132700484630427
93,02_94,Electrocyclic,26.945,25.6,1.345,55.713,54.46,1.253,-28.768,-28.86,0.092,26.916,1.316,54.761,0.301,-27.844,1.016,28.913,3.313,58.757,4.297,-29.844,-0.984,22.649,-2.951,50.585,-3.875,-27.936,0.924,21.337,-4.263,52.566,-1.894,-31.229,-2.369,23.931,-1.669,48.276,-6.184,-24.345,4.515,29.326,3.726,57.326,2.866,-28.0,0.86,27.818,2.218,58.677,4.217,-30.859,-1.999,7.989000000000001,2.9721367463973984,10.480999999999995,3.833057076743238,6.884,2.173471905730553
94,02_95,Electrocyclic,29.067,28.02,1.047,57.418,55.88,1.538,-28.35,-27.86,-0.49,29.26,1.24,56.198,0.318,-26.938,0.922,31.424,3.404,60.378,4.498,-28.954,-1.094,25.308,-2.712,52.437,-3.443,-27.129,0.731,23.639,-4.381,53.978,-1.902,-30.338,-2.478,26.311,-1.709,49.602,-6.278,-23.291,4.569,31.748,3.728,58.777,2.897,-27.029,0.831,29.95,1.93,60.373,4.493,-30.423,-2.563,8.109000000000002,2.9399172455554403,10.776000000000003,3.884052318225681,7.131999999999998,2.30137406160506
95,02_96,Electrocyclic,10.85,11.39,-0.54,15.181,15.19,-0.009,-4.331,-3.8,-0.531,9.655,-1.735,15.302,0.112,-5.647,-1.847,13.108,1.718,15.693,0.503,-2.586,1.214,7.717,-3.673,16.486,1.296,-8.769,-4.969,9.96,-1.43,14.704,-0.486,-4.744,-0.944,6.226,-5.164,15.048,-0.142,-8.822,-5.022,9.787,-1.603,15.013,-0.177,-5.226,-1.426,12.632,1.242,14.766,-0.424,-2.133,1.667,6.882000000000001,2.2968991169773716,1.782,0.5801599379235253,6.688999999999999,2.4843967793295127
96,02_97,Electrocyclic,44.282,43.52,0.762,21.578,21.76,-0.182,22.704,21.76,0.944,44.344,0.824,21.87,0.11,22.474,0.714,48.389,4.869,23.107,1.347,25.282,3.522,39.981,-3.539,19.486,-2.274,20.495,-1.265,42.591,-0.929,17.91,-3.85,24.681,2.921,39.164,-4.356,19.352,-2.408,19.812,-1.948,47.206,3.686,23.168,1.408,24.039,2.279,47.462,3.942,22.109,0.349,25.353,3.593,9.225000000000001,3.443376745393145,5.257999999999999,1.926309869747262,5.541,2.116731847515342
97,02_98,Electrocyclic,34.015,33.08,0.935,45.656,45.42,0.236,-11.641,-12.34,0.699,32.993,-0.087,48.883,3.463,-15.891,-3.551,37.114,4.034,48.431,3.011,-11.318,1.022,32.465,-0.615,47.633,2.213,-15.168,-2.828,32.415,-0.665,44.962,-0.458,-12.547,-0.207,28.697,-4.383,48.058,2.638,-19.36,-7.02,34.753,1.673,51.926,6.506,-17.172,-4.832,36.571,3.491,46.564,1.144,-9.992,2.348,8.416999999999998,2.6664787608647575,6.963999999999999,2.1665561505697073,9.367999999999999,3.2626966689490806
98,02_99,Electrocyclic,45.985,44.28,1.705,55.185,54.35,0.835,-9.2,-10.07,0.87,46.221,1.941,59.355,5.005,-13.134,-3.064,50.1,5.82,58.986,4.636,-8.886,1.184,44.345,0.065,57.0,2.65,-12.656,-2.586,45.682,1.402,55.624,1.274,-9.942,0.128,41.738,-2.542,58.267,3.917,-16.529,-6.459,48.346,4.066,62.686,8.336,-14.341,-4.271,48.91,4.63,56.462,2.112,-7.552,2.518,8.362000000000002,2.684667015132949,7.500999999999998,2.442174027816783,8.977,3.1052554070248624
99,02_100,Electrocyclic,37.252,36.07,1.182,19.446,19.79,-0.344,17.806,16.28,1.526,36.982,0.912,20.312,0.522,16.67,0.39,40.844,4.774,20.71,0.92,20.134,3.854,36.207,0.137,21.152,1.362,15.055,-1.225,36.271,0.201,16.789,-3.001,19.482,3.202,32.844,-3.226,19.676,-0.114,13.168,-3.112,38.93,2.86,21.904,2.114,17.026,0.746,40.125,4.055,19.767,-0.023,20.358,4.078,8.0,2.543091113333198,5.114999999999998,1.527043081065027,7.190000000000001,2.5291042986740244
100,02_101,Electrocyclic,43.703,41.8,1.903,47.278,45.81,1.468,-3.576,-4.01,0.434,44.275,2.475,50.377,4.567,-6.102,-2.092,48.263,6.463,51.137,5.327,-2.874,1.136,41.387,-0.413,45.709,-0.101,-4.323,-0.313,43.439,1.639,45.411,-0.399,-1.972,2.038,39.64,-2.16,48.274,2.464,-8.634,-4.624,46.424,4.624,53.266,7.456,-6.842,-2.832,46.74,4.94,48.579,2.769,-1.839,2.171,8.622999999999998,2.8644343464286273,7.854999999999997,2.713938542177085,6.795,2.453531842059524
101,02_102,Electrocyclic,39.688,38.73,0.958,38.192,36.55,1.642,1.496,2.18,-0.684,40.827,2.097,37.484,0.934,3.343,1.163,41.704,2.974,41.685,5.135,0.019,-2.161,39.159,0.429,36.39,-0.16,2.769,0.589,36.62,-2.11,37.074,0.524,-0.453,-2.633,38.925,0.195,33.023,-3.527,5.902,3.722,43.287,4.557,39.363,2.813,3.924,1.744,40.389,1.659,40.972,4.422,-0.583,-2.763,6.667000000000002,1.9958183024585616,8.661999999999999,2.7461353851497248,6.485,2.3350781227371633
102,02_103,Electrocyclic,36.998,36.24,0.758,38.044,36.68,1.364,-1.046,-0.44,-0.606,39.374,3.134,37.979,1.299,1.396,1.836,40.027,3.787,41.99,5.31,-1.964,-1.524,36.065,-0.175,36.349,-0.331,-0.284,0.156,35.126,-1.114,37.471,0.791,-2.345,-1.905,37.642,1.402,33.683,-2.997,3.958,4.398,41.707,5.467,39.982,3.302,1.725,2.165,37.944,1.704,40.995,4.315,-3.051,-2.611,6.581000000000003,2.1640041548349354,8.307000000000002,2.6642092333909737,7.009,2.393607077046213
103,02_104,Electrocyclic,12.322,13.1,-0.778,41.568,40.49,1.078,-29.247,-27.39,-1.857,13.469,0.369,41.196,0.706,-27.728,-0.338,14.082,0.982,45.482,4.992,-31.401,-4.011,13.739,0.639,40.336,-0.154,-26.597,0.793,10.329,-2.771,40.868,0.378,-30.539,-3.149,12.947,-0.153,36.725,-3.765,-23.777,3.613,14.213,1.113,43.187,2.697,-28.973,-1.583,12.792,-0.308,44.714,4.224,-31.922,-4.532,3.8839999999999986,1.2562268832272525,8.756999999999998,2.7553934642546314,8.145,2.6990218863242186
104,02_105,Electrocyclic,49.887,48.25,1.637,44.109,42.24,1.869,5.778,6.01,-0.232,53.221,4.971,44.503,2.263,8.718,2.708,53.841,5.591,48.381,6.141,5.459,-0.551,49.404,1.154,42.491,0.251,6.913,0.903,48.642,0.392,44.004,1.764,4.637,-1.373,51.421,3.171,40.175,-2.065,11.246,5.236,56.018,7.768,46.586,4.346,9.431,3.421,51.205,2.955,47.045,4.805,4.159,-1.851,7.375999999999998,2.5007162081234697,8.206000000000003,2.6409384019429814,7.087000000000001,2.5186688625712024
105,02_106,[4+6]cycloaddition,11.401,11.53,-0.129,31.601,29.79,1.811,-20.2,-18.26,-1.94,25.672,14.142,27.426,-2.364,-1.755,16.505,20.932,9.402,35.662,5.872,-14.73,3.53,6.668,-4.862,11.765,-18.025,-5.097,13.163,15.686,4.156,21.287,-8.503,-5.601,12.659,26.361,14.831,14.032,-15.758,12.329,30.589,29.41,17.88,27.594,-2.196,1.816,20.076,13.228,1.698,36.649,6.859,-23.42,-5.16,22.742,8.14204005236315,24.884,9.3372490901458,35.749,11.880211106229192
106,02_107,[6+4]cycloaddition,11.401,11.53,-0.129,37.753,36.38,1.373,-26.352,-24.85,-1.502,25.672,14.142,33.398,-2.982,-7.727,17.123,20.932,9.402,42.204,5.824,-21.273,3.577,6.668,-4.862,18.872,-17.508,-12.204,12.646,15.686,4.156,27.04,-9.34,-11.354,13.496,26.361,14.831,19.629,-16.751,6.732,31.582,29.41,17.88,33.466,-2.914,-4.056,20.794,13.228,1.698,42.612,6.232,-29.384,-4.534,22.742,8.14204005236315,23.740000000000002,9.287416752174494,36.116,12.043498954682091
107,02_108,[8+2]cycloaddition,11.401,11.53,-0.129,36.473,35.01,1.463,-25.072,-23.48,-1.592,25.672,14.142,35.14,0.13,-9.469,14.011,20.932,9.402,42.307,7.297,-21.375,2.105,6.668,-4.862,16.79,-18.22,-10.122,13.358,15.686,4.156,28.641,-6.369,-12.955,10.525,26.361,14.831,22.637,-12.373,3.724,27.204,29.41,17.88,35.773,0.763,-6.363,17.117,13.228,1.698,41.611,6.601,-28.383,-4.903,22.742,8.14204005236315,25.517000000000003,9.036275149165643,32.107,10.640104624049252
108,02_109,"[3,3]rearrangement",46.405,43.45,2.955,53.119,50.58,2.539,-6.713,-7.13,0.417,50.477,7.027,58.252,7.672,-7.775,-0.645,51.492,8.042,60.231,9.651,-8.739,-1.609,42.252,-1.198,49.758,-0.822,-7.505,-0.375,43.389,-0.061,54.328,3.748,-10.939,-3.809,46.915,3.465,55.385,4.805,-8.471,-1.341,54.602,11.152,61.877,11.297,-7.275,-0.145,48.417,4.967,55.587,5.007,-7.169,-0.039,12.349999999999994,4.1423188101593515,12.119,3.92943199957522,4.226,1.337960254587984
109,02_110,"[3,3]rearrangement",46.405,43.45,2.955,58.857,57.37,1.487,-12.452,-13.92,1.468,50.477,7.027,62.336,4.966,-11.859,2.061,51.492,8.042,63.724,6.354,-12.232,1.688,42.252,-1.198,54.607,-2.763,-12.355,1.565,43.389,-0.061,54.698,-2.672,-11.31,2.61,46.915,3.465,58.208,0.838,-11.293,2.627,54.602,11.152,67.015,9.645,-12.412,1.508,48.417,4.967,60.917,3.547,-12.499,1.421,12.349999999999994,4.1423188101593515,12.408000000000001,4.327209122022448,1.2060000000000013,0.5039146753171614
110,02_111,"[3,3]rearrangement",40.978,36.96,4.018,53.991,51.17,2.821,-13.013,-14.22,1.207,45.161,8.201,57.619,6.449,-12.458,1.762,45.81,8.85,58.645,7.475,-12.835,1.385,36.896,-0.064,49.907,-1.263,-13.011,1.209,38.289,1.329,50.29,-0.88,-12.002,2.218,41.905,4.945,53.73,2.56,-11.826,2.394,49.209,12.249,62.188,11.018,-12.98,1.24,42.781,5.821,55.786,4.616,-13.005,1.215,12.313000000000002,4.049729336193788,12.281000000000006,4.1850586956116045,1.1869999999999994,0.4879068265853341
111,02_112,[4+6]cycloaddition,12.035,12.84,-0.805,32.478,31.12,1.358,-20.444,-18.28,-2.164,26.892,14.052,28.495,-2.625,-1.603,16.677,22.029,9.189,36.918,5.798,-14.889,3.391,7.672,-5.168,12.85,-18.27,-5.178,13.102,17.003,4.163,22.297,-8.823,-5.294,12.986,27.774,14.934,15.156,-15.964,12.618,30.898,30.742,17.902,28.675,-2.445,2.066,20.346,13.892,1.052,37.58,6.46,-23.688,-5.408,23.07,8.355254436366888,24.729999999999997,9.317208371571697,36.306,12.09404571325434
112,02_113,[6+4]cycloaddition,12.035,12.84,-0.805,37.514,36.75,0.764,-25.479,-23.91,-1.569,26.892,14.052,33.562,-3.188,-6.67,17.24,22.029,9.189,42.395,5.645,-20.365,3.545,7.672,-5.168,18.833,-17.917,-11.161,12.749,17.003,4.163,27.225,-9.525,-10.222,13.688,27.774,14.934,19.939,-16.811,7.835,31.745,30.742,17.902,33.649,-3.101,-2.908,21.002,13.892,1.052,42.43,5.68,-28.538,-4.628,23.07,8.355254436366888,23.597,9.211923561147724,36.373,12.149330645877455
113,02_114,[8+2]cycloaddition,12.035,12.84,-0.805,39.536,37.94,1.596,-27.502,-25.1,-2.402,26.892,14.052,35.938,-2.002,-9.046,16.054,22.029,9.189,44.217,6.277,-22.188,2.912,7.672,-5.168,20.269,-17.671,-12.597,12.503,17.003,4.163,29.606,-8.334,-12.603,12.497,27.774,14.934,23.021,-14.919,4.752,29.852,30.742,17.902,36.413,-1.527,-5.671,19.429,13.892,1.052,44.455,6.515,-30.562,-5.462,23.07,8.355254436366888,24.186,9.118593507420506,35.314,11.781702428978589
114,02_115,[4+6]cycloaddition,11.903,11.83,0.073,32.347,30.11,2.237,-20.444,-18.28,-2.164,26.705,14.875,28.307,-1.803,-1.603,16.677,21.85,10.02,36.74,6.63,-14.889,3.391,7.37,-4.46,12.549,-17.561,-5.178,13.102,16.886,5.056,22.18,-7.93,-5.294,12.986,27.592,15.762,14.974,-15.136,12.618,30.898,30.528,18.698,28.462,-1.648,2.066,20.346,13.754,1.924,37.442,7.332,-23.688,-5.408,23.157999999999998,8.359676822188078,24.893,9.349585879866552,36.306,12.09404571325434
115,02_116,[6+4]cycloaddition,11.903,11.83,0.073,37.483,35.81,1.673,-25.579,-23.98,-1.599,26.705,14.875,33.425,-2.385,-6.72,17.26,21.85,10.02,42.262,6.452,-20.412,3.568,7.37,-4.46,18.547,-17.263,-11.177,12.803,16.886,5.056,27.007,-8.803,-10.121,13.859,27.592,15.762,19.681,-16.129,7.91,31.89,30.528,18.698,33.457,-2.353,-2.929,21.051,13.754,1.924,42.388,6.578,-28.634,-4.654,23.157999999999998,8.359676822188078,23.840999999999998,9.294577201634448,36.544,12.202301723738142
116,02_117,[8+2]cycloaddition,11.903,11.83,0.073,42.768,40.21,2.558,-30.865,-28.38,-2.485,26.705,14.875,41.311,1.101,-14.606,13.774,21.85,10.02,48.503,8.293,-26.653,1.727,7.37,-4.46,24.314,-15.896,-16.943,11.437,16.886,5.056,34.629,-5.581,-17.743,10.637,27.592,15.762,28.886,-11.324,-1.294,27.086,30.528,18.698,41.627,1.417,-11.099,17.281,13.754,1.924,47.678,7.468,-33.924,-5.544,23.157999999999998,8.359676822188078,24.189,8.688905224480239,32.63,10.842775177673445
117,02_118,[4+2]intramolecular,23.756,22.52,1.236,45.923,41.61,4.313,-22.167,-19.09,-3.077,29.001,6.481,40.358,-1.252,-11.357,7.733,30.543,8.023,49.206,7.596,-18.662,0.428,17.728,-4.792,29.097,-12.513,-11.369,7.721,20.305,-2.215,36.107,-5.503,-15.802,3.288,26.108,3.588,26.857,-14.753,-0.749,18.341,32.051,9.531,40.758,-0.852,-8.707,10.383,25.387,2.867,50.864,9.254,-25.477,-6.387,14.323,4.947204822278074,24.006999999999998,8.825650793486645,24.728,7.930590083431912
118,02_119,[6+4]intramolecular,20.318,18.91,1.408,50.429,47.58,2.849,-30.112,-28.67,-1.442,25.641,6.731,45.318,-2.262,-19.678,8.992,27.235,8.325,54.146,6.566,-26.911,1.759,13.665,-5.245,34.32,-13.26,-20.655,8.015,16.946,-1.964,41.457,-6.123,-24.511,4.159,22.716,3.806,31.974,-15.606,-9.258,19.412,28.354,9.444,46.138,-1.442,-17.784,10.886,21.986,3.076,55.448,7.868,-33.461,-4.791,14.689,5.061054010423971,23.474,8.61807105944911,24.203,7.651740450941304
119,02_120,[4+2]intramolecular,18.056,16.79,1.266,46.082,43.12,2.962,-28.026,-26.33,-1.696,23.212,6.422,40.918,-2.202,-17.706,8.624,25.117,8.327,49.632,6.512,-24.515,1.815,11.303,-5.487,30.081,-13.039,-18.778,7.552,14.377,-2.413,37.115,-6.005,-22.738,3.592,20.229,3.439,27.756,-15.364,-7.527,18.803,26.179,9.389,41.581,-1.539,-15.401,10.929,19.842,3.052,51.092,7.972,-31.25,-4.92,14.875999999999998,5.146958184556333,23.336,8.53983073498198,23.723,7.539717310682145
120,02_121,[6+4]intramolecular,18.056,16.79,1.266,57.202,54.33,2.872,-39.146,-37.54,-1.606,23.212,6.422,52.564,-1.766,-29.351,8.189,25.117,8.327,61.445,7.115,-36.328,1.212,11.303,-5.487,41.262,-13.068,-29.959,7.581,14.377,-2.413,48.415,-5.915,-34.038,3.502,20.229,3.439,39.132,-15.198,-18.902,18.638,26.179,9.389,54.081,-0.249,-27.902,9.638,19.842,3.052,62.474,8.144,-42.632,-5.092,14.875999999999998,5.146958184556333,23.342,8.654669481804936,23.729999999999997,7.42473219815272
121,02_122,[4+2]intramolecular,21.012,19.29,1.722,41.868,37.46,4.408,-20.856,-18.17,-2.686,25.26,5.97,33.695,-3.765,-8.435,9.735,27.056,7.766,43.479,6.019,-16.423,1.747,12.524,-6.766,22.041,-15.419,-9.517,8.653,14.696,-4.594,28.382,-9.078,-13.686,4.484,21.055,1.765,18.835,-18.625,2.219,20.389,28.142,8.852,34.031,-3.429,-5.889,12.281,22.424,3.134,46.392,8.932,-23.968,-5.798,15.618,5.571256166059603,27.557000000000002,10.061432757067951,26.187,8.472034482216014
122,02_123,[6+4]intramolecular,21.012,19.29,1.722,46.056,41.95,4.106,-25.044,-22.66,-2.384,25.26,5.97,40.374,-1.576,-15.114,7.546,27.056,7.766,49.207,7.257,-22.151,0.509,12.524,-6.766,27.262,-14.688,-14.738,7.922,14.696,-4.594,35.356,-6.594,-20.66,2.0,21.055,1.765,26.47,-15.48,-5.415,17.245,28.142,8.852,41.177,-0.773,-13.035,9.625,22.424,3.134,51.032,9.082,-28.608,-5.948,15.618,5.571256166059603,24.561999999999998,9.337967425669095,23.193,7.448719332638905
123,02_124,[4+2]intramolecular,23.329,21.68,1.649,48.812,46.02,2.792,-25.483,-24.34,-1.143,26.36,4.68,44.504,-1.516,-18.144,6.196,29.169,7.489,53.024,7.004,-23.856,0.484,17.83,-3.85,33.858,-12.162,-16.028,8.312,17.297,-4.383,40.318,-5.702,-23.022,1.318,23.285,1.605,32.024,-13.996,-8.739,15.601,29.394,7.714,45.842,-0.178,-16.448,7.892,24.672,2.992,53.882,7.862,-29.211,-4.871,12.096999999999998,4.56290076909102,21.857999999999997,8.156697300816234,20.471999999999998,6.518622004633012
124,02_125,[6+4]intramolecular,23.329,21.68,1.649,49.601,47.32,2.281,-26.272,-25.64,-0.632,26.36,4.68,44.873,-2.447,-18.513,7.127,29.169,7.489,53.313,5.993,-24.144,1.496,17.83,-3.85,35.82,-11.5,-17.99,7.65,17.297,-4.383,41.316,-6.004,-24.019,1.621,23.285,1.605,32.635,-14.685,-9.35,16.29,29.394,7.714,46.022,-1.298,-16.628,9.012,24.672,2.992,54.396,7.076,-29.724,-4.084,12.096999999999998,4.56290076909102,21.761000000000003,7.836234591398383,20.374000000000002,6.466973348152464
125,02_126,"[3,3]rearrangement",23.213,20.25,2.963,27.719,26.19,1.529,-4.506,-5.95,1.444,22.047,1.797,27.007,0.817,-4.96,0.99,27.236,6.986,32.176,5.986,-4.94,1.01,15.987,-4.263,21.21,-4.98,-5.223,0.727,17.279,-2.971,22.629,-3.561,-5.35,0.6,15.71,-4.54,20.827,-5.363,-5.116,0.834,23.292,3.042,28.671,2.481,-5.38,0.57,25.71,5.46,30.295,4.105,-4.584,1.366,11.526,4.448332970258152,11.349,4.275482888349739,0.8739999999999997,0.3277503132830582
126,02_127,"[3,3]rearrangement",23.104,20.95,2.154,34.224,32.16,2.064,-11.12,-11.21,0.09,22.119,1.169,33.765,1.605,-11.646,-0.436,27.382,6.432,39.195,7.035,-11.813,-0.603,15.74,-5.21,26.921,-5.239,-11.181,0.029,17.464,-3.486,28.765,-3.395,-11.3,-0.09,15.702,-5.248,27.077,-5.083,-11.376,-0.166,23.326,2.376,35.827,3.667,-12.5,-1.29,25.702,4.752,37.084,4.924,-11.382,-0.172,11.680000000000001,4.493834917735313,12.274000000000001,4.704720813031463,1.3800000000000008,0.4507304389226767
127,02_128,"[3,3]rearrangement",33.317,32.74,0.577,44.259,41.45,2.809,-10.942,-8.71,-2.232,34.008,1.268,47.04,5.59,-13.032,-4.322,38.158,5.418,49.429,7.979,-11.271,-2.561,25.729,-7.011,42.918,1.468,-17.189,-8.479,28.401,-4.339,43.795,2.345,-15.394,-6.684,27.773,-4.967,43.528,2.078,-15.755,-7.045,36.974,4.234,50.213,8.763,-13.239,-4.529,35.917,3.177,46.865,5.415,-10.947,-2.237,12.429000000000002,4.654188004597887,7.295000000000002,2.7989685057943356,6.247,2.4080540713850853
128,02_129,"[3,3]rearrangement",35.294,34.42,0.874,42.641,40.15,2.491,-7.347,-5.73,-1.617,36.663,2.243,44.115,3.965,-7.452,-1.722,40.613,6.193,47.211,7.061,-6.598,-0.868,26.775,-7.645,39.434,-0.716,-12.659,-6.929,31.225,-3.195,40.691,0.541,-9.466,-3.736,30.145,-4.275,39.501,-0.649,-9.356,-3.626,39.759,5.339,46.992,6.842,-7.233,-1.503,38.333,3.913,45.374,5.224,-7.041,-1.311,13.838000000000001,4.97722115348658,7.777000000000001,3.1732744439188636,6.061000000000001,2.0231719085210162
129,02_130,"[3,3]rearrangement",36.39,35.4,0.99,46.136,43.32,2.816,-9.746,-7.92,-1.826,36.63,1.23,46.682,3.362,-10.051,-2.131,41.583,6.183,50.618,7.298,-9.034,-1.114,28.096,-7.304,43.221,-0.099,-15.125,-7.205,31.09,-4.31,43.28,-0.04,-12.19,-4.27,29.658,-5.742,41.722,-1.598,-12.064,-4.144,39.555,4.155,49.55,6.23,-9.995,-2.075,39.368,3.968,48.813,5.493,-9.445,-1.525,13.486999999999998,5.050325385556856,8.896,3.2784246543554603,6.090999999999999,2.04641957365262
130,02_131,"[3,3]rearrangement",32.24,32.39,-0.15,45.925,43.38,2.545,-13.685,-10.99,-2.695,32.961,0.571,48.32,4.94,-15.359,-4.369,37.145,4.755,50.874,7.494,-13.729,-2.739,24.719,-7.671,44.457,1.077,-19.739,-8.749,27.269,-5.121,44.988,1.608,-17.719,-6.729,26.811,-5.579,44.61,1.23,-17.799,-6.809,35.914,3.524,51.591,8.211,-15.677,-4.687,34.783,2.393,48.432,5.052,-13.648,-2.658,12.426000000000002,4.63952820107513,7.134,2.8280053009396684,6.091000000000001,2.2892063464066696
131,02_132,"[3,3]rearrangement",33.626,32.92,0.706,43.99,41.1,2.89,-10.364,-8.18,-2.184,35.229,2.309,45.445,4.345,-10.215,-2.035,39.16,6.24,48.573,7.473,-9.413,-1.233,25.293,-7.627,40.925,-0.175,-15.632,-7.452,29.732,-3.188,41.91,0.81,-12.177,-3.997,28.929,-3.991,40.903,-0.197,-11.974,-3.794,38.311,5.391,48.445,7.345,-10.134,-1.954,36.607,3.687,46.681,5.581,-10.074,-1.894,13.866999999999997,4.929966022412615,7.670000000000002,3.171172068134161,6.218999999999999,2.015816561771999
132,02_133,"[3,3]rearrangement",34.764,33.84,0.924,48.064,44.83,3.234,-13.3,-10.99,-2.31,34.95,1.11,48.85,4.02,-13.901,-2.911,40.055,6.215,52.725,7.895,-12.67,-1.68,26.655,-7.185,45.21,0.38,-18.555,-7.565,29.281,-4.559,45.271,0.441,-15.99,-5.0,28.133,-5.707,43.902,-0.928,-15.769,-4.779,37.873,4.033,51.852,7.022,-13.979,-2.989,37.688,3.848,50.74,5.91,-13.052,-2.062,13.399999999999999,5.022018929175795,8.823,3.307324026200897,5.885,1.9858247656830146
133,02_134,"[3,3]rearrangement",33.022,32.08,0.942,50.514,49.61,0.904,-17.492,-17.53,0.038,34.806,2.726,51.085,1.475,-16.28,1.25,36.753,4.673,55.4,5.79,-18.646,-1.116,28.442,-3.638,46.12,-3.49,-17.679,-0.149,30.632,-1.448,48.289,-1.321,-17.656,-0.126,29.839,-2.241,46.12,-3.49,-16.281,1.249,37.777,5.697,54.579,4.969,-16.801,0.729,34.994,2.914,53.399,3.789,-18.406,-0.876,9.335,3.378002894251488,9.280000000000001,3.632564609591569,2.3659999999999997,0.8929521563731333
134,02_135,"[3,3]rearrangement",29.554,28.35,1.204,45.751,44.42,1.331,-16.197,-16.07,-0.127,31.935,3.585,45.151,0.731,-13.216,2.854,34.006,5.656,50.455,6.035,-16.449,-0.379,24.901,-3.449,38.967,-5.453,-14.066,2.004,27.702,-0.648,41.643,-2.777,-13.941,2.129,26.758,-1.592,38.908,-5.512,-12.15,3.92,35.059,6.709,48.298,3.878,-13.238,2.832,31.679,3.329,48.536,4.116,-16.856,-0.786,10.157999999999998,3.5832400242557805,11.546999999999997,4.4376126766378725,4.706000000000001,1.752230695631796
135,02_136,"[3,3]rearrangement",30.817,29.79,1.027,46.837,45.83,1.007,-16.02,-16.04,0.02,32.237,2.447,47.123,1.293,-14.887,1.153,34.695,4.905,52.083,6.253,-17.388,-1.348,23.252,-6.538,38.627,-7.203,-15.375,0.665,28.056,-1.734,44.103,-1.727,-16.047,-0.007,25.956,-3.834,40.561,-5.269,-14.605,1.435,34.791,5.001,50.456,4.626,-15.665,0.375,33.197,3.407,50.288,4.458,-17.091,-1.051,11.538999999999998,4.23306708925607,13.455999999999996,4.843407382352693,2.7830000000000013,0.9783964650677882
136,02_137,"[3,3]rearrangement",27.361,25.98,1.381,42.741,41.35,1.391,-15.38,-15.37,-0.01,31.197,5.217,43.291,1.941,-12.094,3.276,32.71,6.73,48.421,7.071,-15.711,-0.341,19.58,-6.4,33.13,-8.22,-13.55,1.82,25.627,-0.353,39.472,-1.878,-13.845,1.525,24.939,-1.041,36.287,-5.063,-11.347,4.023,34.809,8.829,46.348,4.998,-11.539,3.831,29.978,3.998,46.122,4.772,-16.144,-0.774,15.229,4.904515337566861,15.290999999999997,5.305558082937983,4.796999999999999,1.914938846468546
137,02_138,"[3,3]rearrangement",32.796,31.94,0.856,28.948,28.09,0.858,3.848,3.85,-0.002,34.18,2.24,27.257,-0.833,6.923,3.073,36.481,4.541,32.957,4.867,3.524,-0.326,25.349,-6.591,20.705,-7.385,4.644,0.794,29.714,-2.226,24.219,-3.871,5.495,1.645,27.831,-4.109,21.225,-6.865,6.606,2.756,36.206,4.266,28.753,0.663,7.452,3.602,34.988,3.048,32.151,4.061,2.837,-1.013,11.132000000000001,4.116651497706775,12.252000000000002,4.623824095687156,4.615,1.7165038751984887
138,02_139,"[3,3]rearrangement",35.744,34.37,1.374,52.846,50.96,1.886,-17.101,-16.59,-0.511,38.594,4.224,52.871,1.911,-14.277,2.313,39.943,5.573,57.735,6.775,-17.791,-1.201,30.941,-3.429,47.541,-3.419,-16.6,-0.01,34.558,0.188,50.334,-0.626,-15.776,0.814,34.041,-0.329,47.427,-3.533,-13.386,3.204,41.957,7.587,55.849,4.889,-13.892,2.698,37.754,3.384,55.761,4.801,-18.007,-1.417,11.016000000000002,3.557469686649287,10.308,3.8640191510912576,4.621000000000002,1.80998750982273
139,02_140,[2+2+2]intramolecular,55.917,54.84,1.077,150.113,144.39,5.723,-94.196,-89.55,-4.646,59.019,4.179,150.193,5.803,-91.174,-1.624,61.523,6.683,156.091,11.701,-94.569,-5.019,50.831,-4.009,151.5,7.11,-100.669,-11.119,49.431,-5.409,155.524,11.134,-106.093,-16.543,54.733,-0.107,140.345,-4.045,-85.612,3.938,65.302,10.462,156.456,12.066,-91.154,-1.604,57.553,2.713,157.188,12.798,-99.634,-10.084,15.87100000000001,5.278852254515182,16.84299999999999,5.588159261203228,20.48100000000001,6.479206894531372
